abstract,class
"背景：手術安全之目標及策略，一直都是醫策會監測醫院安全目標之一。然而，少有研究探討手術全期護理能力，對手術病人的安全與照護品質是有直接之影響力，特別是在台灣，亦沒有發展測量之工具。, 目的：發展手術全期護理能力量表中文版（Perceived Perioperative, Competence Scale-Revised，PPCS-R）並進行信效度檢測。, 方法：此量表由Gillespie（2012）所研擬，共40題用以評估受測者的護理能力。三步驟翻譯量表以建構中文版手術全期護理能力量表。第一步驟為雙向翻譯，建立『手術全期護理能力量表中文版』之內容一致性。第二步驟為中文版量表專家效度與表面效度之檢測。第三步驟為方便取樣，選取南部多家醫院手術室護理人員50人。以信、效度作為資料檢測依據：信度（reliability）之檢定包括內在一致性、再測信度及施測者間的一致性；效度（validity）之檢定包括專家效度、表面效度等。另外針對手術室護理人員30人進行主管施測者間的一致性測試。, 結果：PPCS-R中文版量表雙向翻譯與量表效度，CVI值為0.93。內在一致性整體量表Cronbach’s α為0.98，六項構面內α係數介於0.83至0.91。再測信度整體量表Pearson相關為0.82（P<0.001），六大構面相關係數介於0.76-0.81（P<0.001）；施測者間的一致性，整體量表Pearson相關檢測為0.94（P<0.001），各項構面之相關係數介於0.87-0.94（P<0.001）。, 結論與建議：PPCS-R中文版量表具有良好的信、效度，有助於檢測護理人員之護理能力，並對手術全期護理能力的教育，可依能力、層級的不同設定符合的課程與評值方法。建議未來仍可擴大收案範圍，進行驗證式統計；且原始量表題目40題，同質性過高，可進一步進行題目縮減，降低受測者之負荷。,",醫學
"隨著社會變遷與價值觀改變，現代女性必須外出工作，在職場上面對競爭的壓力，同時也背負著傳統女性照顧家庭的職責。女性面對多重角色形成的壓力，對健康造成負面影響，而女性化性別角色特質較強者，壓力也較大，影響健康。, 本研究主要目的為：(1)探討多重角色女性護理學生角色壓力、身心症狀、性別角色的相關性；(2)探討多重角色女性護理學生性別角色於角色壓力與身心症狀關係的影響。, 本研究為一橫斷性研究，以方便取樣法收集具有護理師/士職照之在職進修女學生，並兼具職業角色、配偶或/和父母與學生的角色者，共收案219人，以結構式問卷收集參與者性別角色、角色壓力與身心症狀的狀況，研究工具為女性角色壓力量表、身心適應問題量表與性別角色信念量表；女性傳統特質的題平均值與標準差為3.32 ± 1.20，以題平均值作為女性傳統特質的分類，在±1 SD之間歸類為對女性傳統特質沒意見，得分≧ 4.53歸類為認同傳統女性角色，得分≦ 2.12歸為不認同女性傳統角色；運用描述性統計與t-test、變異數分析(ANOVA)、複迴歸分析等推論性統計方式進行資料分析。, 研究結果為：(1)角色壓力與身心症狀有顯著相關(p < .001)；(2)與公婆同住者，身心症狀較少；(3)女性傳統角色的態度不同，角色壓力與身心症狀的關係也不同，對傳統女性角色態度沒意見者，角色壓力與身心症狀呈現顯著正相關，而對傳統女性角色態度不認同或認同者，角色壓力與身心症狀的關係，則未呈現顯著性。, 本研究結果傳統女性角色態度為沒意見者，角色壓力越大則身心症狀越多。本研究可供在職進修之護理工作場所及護理學校參考，協助在職進修女性護理學生調適多重角色的生活。,",醫學
"研究目的：探討運用常識模式為基礎的衛教介入對提升住院心臟衰竭病人出院後三個月之患病表徵與自我照顧行為的成效。, 研究方法：採實驗性設計、方便性取樣於南部某教學醫院的心臟科病房。採隨機分配為兩組，每位個案完成三次問卷追蹤，時間點為前測、出院後1個月及3個月。納入條件：被醫師診斷心臟衰竭（NYHA II-III）、20歲以上、可國台語溝通、無生活自理能力缺失者，共收案107位，其中介入組58位、對照組49位，完成出院後三個月追蹤者各為30及32位。二組除住院常規衛教外，給予衛教本。介入組於前測後，分析其患病表徵得分狀況，以心臟衰竭自我照顧衛教手冊進行個別性衛教約20-60分鐘，於出院後二周及第2個月電話追蹤。研究工具含心臟衰竭患病信念量表、心臟衰竭自我照顧指標。統計分析包含獨立t檢定及線性混合模式，其中遺漏資料採直接最大可能性估計處理。, 研究結果：個案平均年齡為62歲，介入組64歲、控制組60歲，兩組間的人口學特性均無統計上的顯著差異。患病表徵方面，78.5%病人對心衰竭病因有錯誤認知，但多數患病表徵單題得分偏向與醫護人員一致。在二組比較方面，患病表徵總分、辨認、時間軸、控制及後果於時間、組別及時間和組別的交互作用均未達顯著差異。自我照顧方面，兩組於前測之自我照顧信心前測得分為介入組59分、對照組53分，線性混合模式分析顯示組別（p 〈 .001）及時間和組別（p 〈 .05）的交互作用中呈顯著差異，事後比較兩組於出院後第一個月（p 〈 .05）、第三個月（p 〈 .001）以及出院後三個月和前測的變化趨勢（p 〈 .01）呈顯著差異。自我照顧維持前測得分在介入組54分、對照組56分。自我照顧維持於時間（p 〈 .001）達顯著差異，但於組別及組別和時間的交互作用未達顯著差異。, 研究結論：整體上，二組個案之患病表徵偏向與醫療人員一致但自我照顧不佳，透過以常識模式為基礎所提供的患病表徵衛教以及三個月的電話追蹤，介入組的自我照顧維持行為並未有顯著的改善，雖然病人的自我照顧信心不足，但衛教能維持病人的信心。,",醫學
"本研究旨在瞭解桃園市衛生所人員長期照顧政策服務對象、服務項目、社區整體照顧模式ABC、補助標準及運作模式之認知差異情形。本研究透過「衛生所人員對長期照顧十年計畫2.0政策執行之評估調查問卷」，以問卷調查方式，針對桃園市十三區衛生所人員，共發出279份，回收有效問卷237份，有效問卷回收率為85%。資料分析研究方法為次數分配、獨立樣本t檢定、單因數變異數分析、Scheffe事後比較檢定假設。本研究以量化性結果及質化研究方法，深度訪談桃園市都會型、鄉村型及原鄉型三個衛生所的工作人員三位。研究結果顯示：研究對象之衛生所人員以女性青壯年護理人員為主，七成為大學以上學歷，服務年資以1到15年為主(55.7%)，惟受訪者服務年資未滿1年及到滿5年佔36.7%，表示衛生所人力流動的狀況。受訪人員有22.4%未曾參加長期照顧說明會及22.36%未曾參加專業訓練。在長期照謢政策認知以服務對象認知最清楚為95.53%，其次服務項目認知有86.72%，最不清楚是運作模式認知佔44.5%。另衛生所人員在不同教育程度、職務、職稱及聘僱在政策認知有顯著差異存在，其餘在性別、年齡、婚姻狀況、服務年資無顯著差異。在長期照顧背景方面，衛生所人員的在職訓練時數長短，在長期照顧政策認知的五個變項方面，均呈現顯著差異；另外，衛生所人員對其服務對象需求之認知，在長照政策認知的服務對象、服務項目，與運作模式方面有顯著差異；最後，個別家庭中共同居住的年長者人數，使衛生所人員在政策認知的運作模式上有顯著差異。經訪談結果分析衛生所人員長期照顧政策認知問題成因為政策變動長期照顧資訊不足及衛生所在長期照顧體系之角色功能不清。綜上所述，研究者建議長照體系單一窗口建立並發揮其功能，確定衛生所在長期照顧角色功能定位，透過教育訓練相關說明會及專業訓練，提升衛生所人員長期照顧知能。,",醫學
"隨著醫療科技的進步、全球老化及慢性病人口增加，醫護人員面臨生命末期照護的機會升高（蔡、李，2002；胡、張，2015），非安寧單位醫護人員應具備臨終照護、協助病情調適、後續照護及出院規劃等能力，以提供病人及其家人適切之生理、心理、社會與靈性層面之照護。而各單位病人所遇之生命末期照護情境不同，各單位護理師對末期照護的認知、態度亦有所差異，包含症狀控制的概念、心理社會評估、相關倫理思辨等層面，目前於護理養成教育、醫院在職教育在生命末期照護之課程有限，專業學會所開設之課程完善但並非臨床護理人員皆能彈性排假，難使照護不同病人族群之護理師有系統、有效率的學習與其照護病人相關之末期照護技能。盼能以此研究了解照護不同病人族群之護理師於生命末期的教育需求，使不同單位的護理人員能依自己的需求，有效率的學習末期照護課程，提升整體末期照護品質。本研究以橫斷性研究方法，採立意取樣，以臺北某醫學中心內科系病房及腫瘤科病房護理人員為研究對象，共收案380位護理人員。研究工具為自擬半結構式問卷，內容包含護理人員基本資料、工作經驗、生命末期照護學習經驗，以及常見生命末期照護情境之遭遇頻率、執行困難程度、教育需求程度的相關資料，共四部分。研究發現護理人員於生命末期照護情境之教育需求平均得分為3.68 ± 0.56（Lickert scale 5分），介於「普通」至「有需求」之間，以「轉介評估與說明安寧緩和照護」最高（平均得分3.75 ± 0.65），得分高至低依序為「生理層面照護」（平均得分3.74± 0.67）及「心理、社會及靈性層面照護」（平均得分3.74± 0.61）、「倫理、法律、自我覺察」（平均得分3.61± 0.67）、「團隊合作與溝通」（平均得分3.42±0.71）；依得分最高之題項排序前5者，為「評估及協助家屬的病情調適情形」、「評估及協助末期病人的病情調適情形」、「評估及協助家屬的情緒困擾」、「評估並處理末期病人的緊急狀況」、「評估及協助末期病人的情緒困擾」。而整體生命末期照護情境之「教育需求程度」與整體之「執行困難程度」呈中度正相關（r=0.60，p<0.01），與整體之「遭遇頻率」呈低度正相關（r=0.12，p=0.02）。生命末期學習經驗的不同，整體生命末期照護情境之「教育需求程度」有顯著差異，另外，於「學歷」、「重要親友往生經驗」、「參與專科學會與否」、「參與安寧緩和護理學會與否」、「參與急重症護理學會與否」、「工作單位」、「護理進階層級」、「曾參與院內其他專科課程」、「曾參與院內線上課程」於各層面之教育需求程度有所差異。「倫理、法律、自我覺察情境執行困難程度越高」、「轉介評估及說明安寧緩和照護之困難程度越高」、「心理、社會、靈性層面照護情境執行困難程度越高」、「年齡越低」、「有參加安寧緩和護理學會者」，為整體生命末期病人照護情境之教育需求中重要的預測因子，可解釋整體變異量達39.14%；其中，「倫理、法律、自我覺察情境執行困難程度」是各層面教育需求之共同預測因子。未來可依據各情境之遭遇頻率、執行困難、教育需求在各單位及各進階層級的分布情形規劃「共通課程」與「具單位特殊性之課程」，使臨床護理人員的學習狀況更貼近其需求；往後的研究建議可以針對「需求內容」及「困難來源」有更深入的討論，進一步針對不同護理角色、不同準備度的護理人員有更精準、細緻的課程規劃，以加強末期照護中護理角色的深度及廣度。,",醫學
"研究背景：近數十年來台灣經濟之發展，社會結構與傳統價值觀的轉變，女性也成為經濟提供者。女性因投入職場而限制家庭中傳統角色的表現，若同時是職業婦女，其家庭、小孩照顧更是壓力來源，種種壓力常讓護理職場上的職業婦女力不從心、心悸、頭痛、及憂愁。目前研究中多數探討護理人員之工作負荷，但為了照顧家庭成員而離開職場亦有所聞，而護理人員工作負荷與母職焦慮之相關性之探討尚缺乏。, 研究目的：本研究旨在(1)了解育有子女之不同背景女性護理人員與工作負荷及母職焦慮的現況。(2)了解育有子女之不同背景女性護理人員之工作負荷差異情形，(3)了解育有子女之不同背景女性護理人員之母職焦慮差異情形，及(4)探討育有子女之女性護理人員的工作負荷與母職焦慮之間的關係。, 研究方法：採用橫斷式問卷調查法，於南部某區域教學醫院方便取樣進行收案，由研究者到單位說明，並篩選符合收案條件之個案。研究工具將使用結構性問卷，包括個案之基本資料、NASA-TLX改良量表、及母職焦慮量表。本研究資料採用描述性、Pearson積差相關及單因子變異數分析。, 結果：本研究共有240份有效樣本。研究對象平均「年齡」為38.21歲(標準差：5.59)，「教育程度」以二技/四技/大學居多(72.92%)。「目前機構服務年資」平均年資為13.16年(標準差：6.64)。「護理工作總年資」平均為15.27年(標準差：6.22)。以護理師居多(65.83%)。「工作職級」以N2為最多。工作負荷平均總分38.56(標準差：4.67)，母職焦慮平均總分67.90(標準差：17.16)。機構服務年資越久者、已婚者、第一名子女之年齡為學齡前期及家庭成員較不能協助處理家事或育兒者，在工作負荷感受顯著較大。機構服務年資越久者，母職焦慮之感受顯著較低。年齡偏低者、工作班別為輪班者、家庭月收入偏低者，及家庭成員較不能協助處理家事或育兒者，在母職焦慮之感受顯著較高。育有子女之女性護理人員之工作負荷與母職焦慮之間有顯著的正相關。, 結論：根據本研究結果，部分不同背景育有子女之女性護理人員，分別與工作負荷、母職焦慮有顯著差異；工作負荷與母職焦慮之間有顯著相關。建議醫院在臨床實務可以定期評估各階層護理工作負荷，調整軟硬體設施；政策面能推展異業結盟之親職教育課程，盡量使育有子女之女性護理人員在家庭與工作間取得平衡。, ,",醫學
"護理品質的提升，必須從要求護理能力著手，專科護理師學會在2009年明訂專科護理師的四項專業能力，及教學醫院評鑑制度也將專科護理師之「專業能力進階-繼續教育」列入評鑑項目，故本研究擬定專科護理師護理能力量表並探討信度與效度。本研究旨在運用德爾菲研究法(Delphi technique)建立專科護理師的護理能力項目及構面，並測試此量表之信度與效度。採橫斷式探索性研究設計及立意取樣，以臺灣中部地區醫學中心與區域醫院之護理人員，並具有專科護理師證照者為研究對象，收集樣本數為281人。結構式問卷收集期間為自2015年3月至2015年6月。使用SPSS 18.0 for Windows 統計軟體進行統計分析，採用描述性統計、信度分析、因素分析、項目分析等方法分析資料。研究結果得知經二次德爾菲研究，專科護理師護理能力的項目均≦收歛值0.6，顯示專家意見具中高度以上一致性，平均CVI值介於0.8~1之間，顯示具有良好專家效標指數。本量表之Cronbach’s α係數為0.97，表示內在一致性高，八週後再測信度相關係數為0.74 (P＜0.001)，顯示再測信度值高。經探索性因素分析萃取出七個構面，分別為照顧能力(12題)、評估能力(8題)、教學能力(6題)、溝通協調能力(10題)、品質管理能力(13題)、研究能力(8題)及專業成長能力(8題)，護理能力共計65個題目，累積總變異數為 72.71%，Cronbach’s α係數為0.97。本研究結果顯示專科護理師護理能力量表應用於測量臨床專科護理師之護理能力是具有良好的信度與效度，建議此量表可作為評核臨床專科護理師之護理能力，並針對專科護理師在職教育訓練提供機構主管規劃專科護理師進階制度之參考。,",醫學
"本論文命名為《臺灣護理散文研究：以趙可式、林月鳳、胡月娟、洪彩鑾為例》。昔往已有不少疾病書寫、醫師作家等先行研究，然而專研護理文學的研究者卻寥寥無幾。護理文學是臺灣文學界的空白地帶，亟需學者接力投入墾闢。本論文實屬基礎性、階段性研究，含括作家研究、文本分析等研究方法。作家研究部分，以實地訪談與文獻考證，建立個別護理作家的文學小傳與生平年表；文本分析部分，則嚐試觀察個別護理作家的書寫面向、題旨寓意、文本特色等，並於結語歸納護理散文的整體風貌。, 　　雖然護理作家的書寫內容多半環繞護病關係，不過各有所長、各有偏重。趙可式著力於護理身分的自我辯證，以及改革生命教育、推動安寧療護的初衷；林月鳳則從護生、臨床護理談至公衛護理，在在以傳光精神為畢生使命；胡月娟多年來坐鎮學院，以自我學習經驗，授予後代護生，頗有向內傳承的教育意味；洪彩鑾展演職業軍人的果斷剛毅，亦發散白衣天使的敦厚柔情，可謂剛柔並濟。護理散文是跨學科的文類，兼具理性與感性、科學與文學，除了弭平醫病關係或護病關係間的資訊不對稱，也得以傳遞時下正確有益的衛教常識與醫療學識，毋寧具有教育、破除傳統觀念等社會功能。護理散文的出現，擡升了護理工作的存在價值，同時探索、撫觸、經營著護病關係，展演白色巨塔內、有別於以醫師為關注核心的真實樣貌。,",醫學
"臺灣地區人口老化，長期照護需求增加，需要居家護理師的投入。本研究旨在探討居家護理師的執業壓力與相關因素。以台中市居家護理所執業的護理師為研究對象。採結構式問卷進行資料收集，內容包括個人屬性變項、執業動機、執業型態、居家護理主要服務內容、工作時間、護理業務及其執業困難與執業壓力等構面。,     問卷共發出213份，回收有效問卷183份，回收率86%，資料建檔後以SPSS 19.0版進行分析。研究結果：受訪居家護理師平均年齡為41.1±0.58歲，居家護理師工作年資5.99±5.24年，獨立型態居家護理所62.84%，專職者80.87%，平均每日工作時間7.31±3.04小時 ，平均每月個案管理 58.06±32.06 人、護理訪視72.12±34.9人次。服務內容包括：身體評估、護理指導、更換鼻胃管、導尿管、氣切；傷口及造口護理、疾病衛教、健康諮詢之外，尚需有醫療器材輔具使用指導94%，跨團隊轉介90%，社會資源轉介87%，醫療器材輔具租賃諮詢83%，返診聯繫70%。,     自覺主要的執業困難：依據得分排序如下：行政管理(79.25分)，專業服務(61.96分)。安全管理(60.50分)，人力物力管理(57.00分)；其執業壓力，, 得分排序雷同：行政管理(76.75分)，安全管理(54.13分)，人力物力管理(53.04分)，專業服務(51.96分)。,     進一步以逐步回歸探討居家護理師執業壓力之相關影響因子，獲得標準化回歸公式如下：, Y(壓力總分)= 0.788(困難總分)-0.116( 有受訓在職教育)-0.152(年齡)-0.114(教育時數)-0.099(專職),       顯示影響居家護理師執業壓力的主要因子除了自覺工作困難程度之外；若未接受在職教育者或在職教育時數較少者、年齡愈小者及執業型態為兼職者其壓力較大。,     由此結果建議主管機關應簡化居家護理師的行政文書量、健保申報程序，減少督導考核程序及評鑑作業，提升居家訪視的安全管理等；以減輕工作的困難之外，宜增加辦理研習，鼓勵居家護理師參與教育訓練，鼓勵專職以減少執業壓力，並鼓勵年輕的居家護理人員投入，以留任及增加居家護理師的照護功能。, ,",醫學
"目的：, 近十年來的文獻資料顯示護理人員發生職場肌肉骨骼問題高達30.0%~, 91.6%，而解決肌肉骨骼問題最有用的方法是運動，本研究探討為期望肌肉骨骼問題之高風險族群的護理人員本其對健康概念有高度認知，能透過伸展運動的介入活動計畫進行，以瞭解適度運動改善肌肉骨骼問題之程度，並以Deci與Ryan提出(1985)提出的自我決定理論模式為架構主軸，以應用於詮釋某種行為之自主動機強度，再尋找出其相關預測因子，基本心理需求的自主性、勝任感與關係感，加強對人的行為解釋力，本研究目的：, (一)瞭解護理人員之肌肉骨骼問題、自主動機、基本心理需求情況, (二)驗證伸展運動介入對護理人員的肌肉骨骼問題、自主動機、基本心理需求之效果, 方法：, 在北部某一大型教學醫學中心腦神經三個內科及三個外科病房，隨機各抽出兩個單位，再隨機將一內科一外科分配至實驗組或控制組。排除急性疼痛者及已經規律使用治療方法者，實驗組提供伸展運動訊息傳遞、團體動力與伸展海報介入，對照組僅提供伸展運動海報。共計12週，第一至八週為介入措施期，後續四週僅提供伸展運動海報的觀察期，共填寫三次結構式問卷，分別在第一周、第八周與第十二周，內容有簡易疼痛量表(Brief Pain Inventory,BPI)、運動動機量表(Sport Motivation Scale,SMS)及基本心理需求量表(Basics Need Scale)等，使用統計軟體SPSS 22.0版分析資料。基本資料、肌肉骨骼問題、自主動機、基本心理需求使用描述性統計之平均數、標準差及百分比。介入之效果則使用單因子變異數分析(one -way ANOVA)及重複測量變異數分析(Repeated measure ANOVA)檢定統計。, 結果：, 本研究對象共88位(實驗組41位、控制組47位)之肌肉骨骼問題盛行率為70.5%，發生部位前三名：肩頸部(20.45%)、腰部(18.2%)、手部(9.1%)、大腿(9.1%)，自主動機為：內在動機>外在調整、內攝調整＞無動機>認同動機，基本心理需求為：關係感>自主性>勝任感。在肌肉骨骼問題產生的疼痛最厲害程度(P=0.037)和平均疼痛程度(P=0.041)具有顯著意義的組內改善情況，在研究對象的組內測量及兩組之間，自主動機之無動機(P=0. 008、P=0. 022)與動機強度(P=0. 002、P=0. 014)和基本心理需求之關係感(P=0. 022、P=0. 022)皆具有顯著意義的改善與差異。, 結論：, 透過介入措施，全體研究對象在「疼痛最厲害程度」和「平均疼痛程度」有顯著改善；在執行伸展運動之自主動機方面，不論組間或組內都有顯著差異，且實驗組優於控制組；在基本心理需求方面，組內「關係感」具統計意義。顯示介入措施有具體成效。未來建議單位主管可規劃短時間的伸展運動舒緩護理人員肌肉骨骼問題，可透過不同策略，順應其心理需求，強化自主性動機，積極推動個人健康管理。,",醫學
"本研究主要在於探討課徵營業稅對台北市產後護理機構營業收入的影響，本研究利用2014至2017年共4年台北市共九個行政區41家產後護理機構的追蹤資料進行分析。經過多個檢定方法的檢定結果顯示，隨機效果模型是最佳的實證模型，且本研究的實證模型中所包含的解釋變數之間並沒有共線性的問題。本研究的主要研究結果如下：首先課徵營業稅在統計上確實對台北市產後護理機構的營業收入具有負向的影響。換言之，政府對產後護理機構的營業收入課徵營業稅，確實會導致其營業收入下降。其次，性別比及成立日數在統計上亦會實對台北市產後護理機構的營業收入具有負向的影響。但是，嬰兒床數在統計上卻對台北市產後護理機構的營業收入具有正向的影響。以上的研究發現皆與本研究的預期結果相符。本研究根據上述的研究結論建議，政府應免除產後護理機構的營業稅，並且利用租稅政策鼓勵產後護理機構汰舊換新，並鼓勵投資增加床數，以增加產後護理機構的營業收入，並有利於其發展。如此，將可間接鼓勵生育以減緩少子化與人口老化所可能帶來的經濟與社會問題。,",醫學
"中文摘要, , 在電子病歷所架構病歷資料e化格式以及醫院評鑑規範之下，醫療組織因應資訊化需求導入資通訊科技，造就了使用者端之科技壓力現象，因此本研究以任務科技配適理論為研究架構基礎，來探討護理人員任務與科技間的配適程度以及電腦素養對護理人員科技壓力的影響程度，並探討護理人員的電腦素養是否對任務科技配適度與科技壓力之間的關係具有調節作用。, 本研究針對某醫院之護理人員進行紙本問卷調查，共發出317份問卷，回收216份有效樣本。研究結果透過PLS-SEM結構方程式模型進行統計分析，結果顯示，任務科技配適度對護理人員之科技壓力為無顯著影響，而護理人員的電腦素養對科技壓力為負向並顯著影響，最後護理人員電腦素養對科技壓力為調節之影響並不顯著。, ,",醫學
"由於人口結構、社會型態及價值觀的轉變，近年來雖然少子化現象明顯，但產後護理之家卻不斷增加，產後照顧由「傳統型態的產後照護」轉變到市場型態、可以消費的產後照護模式，並且結合醫療服務與專業照顧的特色，成為一種新興的護理服務產業，然而產業間的強烈競爭也變得更加白熱化，雖蘊含商機無限但實際上的經營卻不如想像中容易，各產後護理之家如何在競爭越來越激烈的環境下提高孕產婦的入住意願已經成為各產後護理之家一個刻不容緩的問題。, 本研究採量化研究，共計209份問卷，探究在產後護理之家符合政府的法令規範的前提下，增加提供醫療服務、健身美容、知識學習或、休閒娛樂等不同層面服務，在不同涉入程度的干擾因子下，是否會對消費者入住意願產生影響？而根據研究結果得知，在提供醫療服務、知識學習等的知覺品質上，在不同涉入程度族群會有顯著差異。而對產後護理之家的入住意願，主要還是以提供醫療服務構面影響最大，並且會受到不同涉入程度干擾而有差異。, ,",醫學
"近年來護理資訊系統蓬勃發展，各家醫院護理資訊系統導入成效也各有所長，而呈現百家爭鳴的盛況。經由文獻查證發現目前僅有部分醫院推展手術護理資訊系統，且僅針對手術室護理資訊系統導入進行探討，並沒有對於手術全期照護的資訊系統進行成效評估，然而手術是跨單位且需要由各醫療專業人員共同合作，它是充滿高風險及複雜的作業流程，因此本研究目的是以臨床資訊系統成功模式（Clinical Information Systems Success Model, CISSM）為架構，探討手術護理資訊系統導入後，影響其成功推展之相關因素，以做為未來開發其他護理資訊系統的參考。,    本研究為橫斷式相關性研究，於中部某區域教學醫院以方便取樣方法，選取176位護理人員參與本研究，採用問卷調查方法，於手術護理資訊系統導入後第六個月進行資料收集。問卷內容包含結構式問題、開放式問題及基本資料等三部分。研究資料以SPSS 22.0版軟體進行資料建檔與分析，使用描述性和推論性統計方法進行資料分析。,    本研究結果發現：（1）影響手術護理資訊系統成功導入因素中，以「淨效益」平均分數最高。（2）影響手術護理資訊系統成功導入各相關因素之間的相關性皆為正相關，以「使用滿意度」對「淨效益」之相關性最高，「使用依賴度」及「使用滿意度」等因素，與導入「淨效益」間有高度相關性。（3）預測手術護理資訊系統成功導入因素部份，以「資訊品質」對「使用依賴度」及「使用滿意度」預測力最高，「使用滿意度」對「淨效益」有極高預測力，預測系統使用依賴度、使用滿意度及淨效益的總解釋力，分別為73.0 %、69.7 % 及82.9 %。本研究驗證臨床資訊系統成功模式，能夠探討護理人員使用手術護理資訊系統之相關因素及預測系統成功導入的淨效益，期望藉由本研究使用系統導入成效的評值模式，可做為未來預測護理資訊系統導入成效的評估工具。, ,",醫學
"依內政部戶政司統計，台灣面臨家庭結構的改變，小家庭結構成長，家庭人口結構減少，和高齡化及少子化現象，及家庭經濟狀況等因素，影響照顧者及被照顧者選擇、居家照顧、居家看護、機構式照顧。, 本研究採訪談，透過里長和居服單位介紹和目前長期照顧家庭者，訪談長期照顧者及被照顧者，對於長期照顧協助，需求及遇到困境，及長期照顧政策發展等意見。研究結果，對於政府施行長期照顧，照顧者及被照者基本是正面認同，但都會區和偏遠地區有些問題可能不太一樣，例目前比較偏遠地區，對於交通和醫療，可能比較不方便，需求性比較大。依家庭經濟結構需求有所不同，照顧者或被照顧者其中有高中收入者，偏向請居家看護和家人分配照顧，低收人者偏向自己照顧，依政府單位、里長、居服員、社工人員、照顧者、被照顧者與相關文獻的歸納後，綜合以上經驗，本研究提出具體建議，供參考。, , ,",醫學
"人類乳突病毒是一種雙股DNA的濾過性病毒，使人類之肛門、生殖道粘膜造成感染及病變，目前全世界第4大常見的婦女癌症是子宮頸癌，在全球常見癌症排名第七位，隨著新型Gardasil 9人類乳突病毒疫苗的研發上市，臨床護理人員在推薦民眾及預防疾病上扮演著重要的角色，本研究目的在於探討護理人員接種人類乳突病毒疫苗之意向及相關因素。本研究採量性橫斷面研究設計以健康信念模式為理論架構，發放QR code線上問卷，採叢聚隨機取樣701位在職臨床護理人員，有效回收率約93％，採用SPSS22.0建立資料及統計分析，研究結果顯示：（1）研究對象整體知識量表總平均得分為15.01±3.45分，相關知識認知不足；（2）有意願免費接種有640位（91.3％）高於自費接種464位（66.2％）﹔自費可負擔的平均價格為6,400元新台幣。（3）影響自費接種HPV疫苗意願之相關因素為：｢年齡｣、｢服務科別｣、｢感受罹患人HPV相關疾病的可能性｣、｢感受HPV疫苗接種的好處｣、｢感受HPV疫苗接種的障礙｣、｢疾病預防行為的自我效能｣、｢促成HPV疫苗接種的行動線索中｣。（4）影響免費接種HPV疫苗意願之相關因素為：｢年齡｣、｢家庭平均月收入｣、｢是否有照顧過子宮頸癌的病人｣、｢是否有親友罹患過人類乳突病毒的感染｣、｢是否有親友罹患過子宮頸癌｣、｢您之前是否有聽說過人類乳突病毒、或是HPV｣﹔｢HPV疫苗相關知識｣﹔｢感受罹患HPV相關疾病的嚴重性｣、｢感受HPV疫苗接種的好處｣、｢感受HPV疫苗接種的障礙｣、｢過去至今沒有施打過任何自費的疫苗｣。根據以上結果可提供學校及醫療相關單位，了解影響護理人員接種人類乳突病毒疫苗之相關因素以利排除，並鼓勵提供HPV相關知識及訊息，有助於推廣民眾接種人類乳突病毒疫苗意願提升。, , ,",醫學
"目的：探討使用居家式長期照顧服務對主要照顧者健康之影響及影響因子。, 方法：本研究屬橫斷性設計，納入2011年1月至2012年4月期間，於臺北市長期照顧管理中心登記且通過審核使用長照十年計畫服務之被照顧者及其主要照顧者。以電話聯繫被照顧者，同意參加者寄發兩份問卷（被照顧者與主要照顧者填寫）及知情同意書，填寫後寄回。, 結果：研究對象共納入525對主要照顧者與被照顧者。65歲以下的主要照顧者自覺健康狀況影響因子為與被照顧者的關係及曾經使用居家式服務、65歲以上的主要照顧者自覺健康狀況之影響因子為每月花費在照顧長者的費用佔全家總收入比例、被照顧者自覺健康狀況及曾經使用居家式服務。男性主要照顧者自覺健康狀況之影響因子為被照顧者與家人的相處情形、照顧長者時間、被照顧者自覺健康狀況及曾經使用居家式服務；女性主要照顧者自覺健康狀況之影響因子為每月花費在照顧長者的費用佔全家總收入比例。輕度失能者其主要照顧者自覺健康狀況之影響因子為目前有工作，以及每月花費在照顧長者的費用佔全家總收入比例；中度失能者其主要照顧者自覺健康狀況之影響因子為被照顧者的媳婦、被照顧者自覺健康狀況及曾經使用居家式服務。主要照顧者為配偶者其自覺健康狀況之影響因子為被照顧者自覺健康狀況，以及每月花費在照顧長者的費用佔全家總收入比例；主要照顧者為女兒者其自覺健康狀況之影響因子為被照顧者獨居，以及與家中長者關係不太好；主要照顧者為媳婦者其自覺健康狀況之影響因子為家中每月花費在照顧長者的費用佔全家總收入比例及曾經使用居家式服務；主要照顧者為其他關係者其自覺健康狀況之影響因子為被照顧者年齡65-74歲以及曾經使用居家式服務。非獨居被照顧者其主要照顧者自覺健康狀況之影響因子為每月花費在照顧長者的費用佔全家總收入比例與被照顧者自覺健康狀況；獨居被照顧者其主要照顧者自覺健康狀況之影響因子為全家一個月總收入與家中每月花費在照顧長者的費用佔全家總收入比例。, 結論：根據結果可知1.使用居家式長照服務對主要照顧者年齡≥65歲、男性及主要照顧者為其他關係者其自覺健康狀況有正面影響；對主要照顧者年齡<65歲、被照顧者中度失能、主要照顧者為媳婦者其自覺健康狀況有負面影響。2.主要照顧者家中每月花費在照顧長者的費用佔全家總收入比例、被照顧者與家人相處情形、與家中長者關係、曾經使用居家服務與被照顧者年齡等為影響主要照顧者自覺健康狀況之重要因子。未來制定長期照顧政策及提供服務時可考量主要照顧者健康相關特質，針對不同需求提供相對應服務，以提升主要照顧者健康。,",醫學
"研究背景與目的：病人安全為全球持續重視的醫療照護議題，近幾年病安事件頻傳，不僅造成病人生命安全的危害，更讓醫療機構聲譽重創，而重視病人安全文化能減少醫療疏失並提升醫療品質及病人滿意度。研究目的將分析不同背景變項在護理人員病人安全文化及住院病人滿意度之差異，及護理人員病人安全文化對病人滿意度之影響情形。研究方法：採回溯性問卷調查法，以中部某醫學中心護理人員及住院病人或家屬為研究對象，研究工具為護理人員「病人安全態度量表」及「住院病人滿意度調查」，所得資料以統計軟體IBM SPSS Statistics 24.0版及SAS進行描述性統計、獨立樣本t檢定、單因子變異數分析、複迴歸分析。研究結果：（1）擔任主管、不同之受雇別、教育程度、年齡及年資之護理人員在病人安全文化之態度有顯著差異。（2）不同性別、年齡及身分別病人對住院滿意度有顯著差異（3）「診療過程」會受到「工作狀況」的正向影響；而「環境設施」會受到「對壓力的認知」正向影響及「對管理的感受」負向影響；而「友善服務」會受到「對壓力的認知」及「復原力」的正向影響；「住院病人整體滿意度」則受到「單位安全的風氣」的負向影響並受到「對工作的滿意」及「對壓力的認知」的正向影響。結論及建議：護理人員病人安全文化態度對住院病人滿意度部分有顯著影響。建議透過營造更具人性化工作環境，多關懷醫療相關人員、協助其紓解情緒壓力，並讓病人及家屬參與照護流程，傾聽需求，以提升對病人安全的認知及照護。,",醫學
"世界衞生組織(World Health Organization,WHO)表示，依據聯合國機構在日內瓦發布的報告，憂鬱症近年來已經成為現代病，每20人就有一人發病，統計2005年至2015年的全球患者，共有3億人身受折磨，約佔全球4.4%的人口，放眼這十年來共成長了18.4%，2017年的世界衛生日聚焦於這一項日益嚴重的課題，而對婦女來說，產後憂鬱症（postpartum depression ,PPD）已成為婦女心理健康的重要議題。,     本研究旨在探討產後護理之家產婦產後憂鬱經驗，為求還原此經驗的本質及其意義，故採用質性研究法進行研究。本研究於中部某醫學中心採立意取樣方式收案，研究對象為入住於產後護理之家有產後憂鬱情形之產婦，進行一對一深度訪談，並以錄音方式進行資料蒐集，直到資料呈現飽和狀態。共訪談10位個案，資料分析之步驟採用Tesch(1990)的八項資料分析，研究結果呈現三個主題及九個次主題: (一) 甜蜜負擔:角色的轉變、不堪負荷的身體、時空混淆的睡眠。(二)五味雜陳:心境的千頭萬緒、過高的自我要求、情緒的自相矛盾。(三)撥雲見日:尋求協助、壓力出口，親友陪伴、支持鼓勵，個性使然、自我調適。本研究結果顯示在產後護理之家產婦即使在舒適的環境及專業人員的照護下仍然會有產後憂鬱的情緒表現，產後護理之家產婦產後憂鬱經驗中常會面臨到一些困境，然後最終產後護理之家產婦面對產後憂鬱的情緒所採取應對策略，及以適應的態度面對產後憂鬱情形，代表著產後護理之家產婦經歷產後憂鬱這個情緒的過程中，並非消極的。在少子化的時代政府機關為了鼓勵育齡婦女生產，擬定了許多鼓勵、獎勵的計畫，但如何給予產後婦女更完善的產後心理醫療照護更是當務之急，期盼本研究結果可提供臨床實務或日後相關研究之參考。, ,",醫學
"背景：機構式服務不僅照護時間長，照護內容複雜，照護需求由「治療」轉為「治療與照護並重」，照護品質日益受到重視。台灣醫療照護品質指標系列THIS與台灣臨床成效指標系統TCPI對於醫療品質改善皆有顯著貢獻，並涵蓋長期照護指標，屬全國機構皆可參與的全國性品質指標監測系統。然而全國性的品質指標監測系統在一般護理之家之間尚未普及。, 目的：1.調查我國一般護理之家採用全國性的品質指標監測系統之現況。2.探討一般護理之家採用全國性的品質指標監測系統的知識障礙為何。3.探討知識障礙如何影響一般護理之家對全國性的品質指標監測系統的採用意願。, 方法：對全台514家一般護理之家進行問卷調查，共回收125份有效問卷，有效回收率為25%。透過迴歸模型分析各變數對機構採用全國性的品質指標監測系統意願之影響。, 結果：「財務知識障礙」、「組織知識障礙」及「行為知識障礙」對全國性的品質指標監測採用意願有顯著負向影響，影響依序為「組織知識障礙」、「行為知識障礙」、「財務知識障礙」。表示財務的籌劃、機構內部工作流程的調整與人力規劃，以及人員的心理調適是影響全國性的品質指標監測系統成功導入機構的關鍵因素。, 結論：本研究結果顯示一般護理之家採用全國性的品質指標監測系統僅為20%，採用現況尚未普及。首先財務知識障礙問題，機構方與醫策會或醫務管理學會需共同訂定符合一般護理之家的收費標準。組織知識障礙問題，由高階主管帶領，組成推動全國性的品質指標監測系統小組，定期開會將工作流程及人力配置整合到最佳。最後，行為知識障礙問題，讓人員認識到需要改變，並進行培訓提高人員的技能。,",醫學
"我國即將從高齡社會進入超高齡社會，老年安養問題除了政府提供基本的社會福利外，國民仍須及早自行規畫安排，以補足老年安養的生活。其中商業保險應如何符合未來社會的需求，是一個值得探討的議題。本研究針對現行老年安養所需的商業長期照顧保險、殘廢照護保險及特定傷病保險等三種泛長期照護保險的內容，採取比較性研究法加以比較，探討商業長期照護相關保險的異同，並提出經營管理方面的建議。, 　　研究結果發現：一、保險費率方面，男性投保年齡15至33歲投保長期照顧保險最便宜，其他年齡層以殘廢照護保險最便宜，女性則是投保殘廢照護保險最便宜。二、銷售方式方面，業務員通路主推身故給付的殘廢照護保險，銀行保經代通路及保險經代人通路，則以無身故給付的殘廢照護保險為銷售主力。三、保障內容方面，能同時符合三者給付之條件者，有腦中風後殘障（重度）中植物人狀態、腦中風後殘障（重度）中兩肢（含）以上運動或感覺障礙而無法自理日常生活者、昏迷、嚴重頭部創傷、阿茲海默病、運動神經元疾病、多發性硬化症、癱瘓（重度）中兩上肢三大關節中之兩關節（含）以上遺留障害、帕金森氏症、重度類風濕性關節炎等九種病況。, 　　由結論可發現，三者共同給付之項目或條件相同者均多，若能綜合各商品的優點，設計出三者保障範圍各有特色而不重疊的保險商品。如此一來，保險公司可降低成本，消費者也可購買到較廣保障範圍的泛長期照護保險商品；而商品因單純化，也可降低教育訓練成本，在銷售組合上，能使行銷更容易，可降低消費者的理賠爭議，並容易導入理賠自動化人工智慧（Artificial Intelligence,  AI）系統，增進理賠服務，有效提升市場競爭力。, ,",醫學
"本研究旨在由長期照顧機構住民之家屬觀點探討長期照顧機構長者的臨終議題，檢視家屬對長者的善終規劃及其於臨終決策之影響。運用質性研究之深度訪談法，分別與12名機構長者家屬以半結構方式進行訪談資料蒐集。,     經由訪談內容之整理分析，顯示家屬觀點下之”WHAT”長照機構長者善終意涵架構：”What”善終定義分為生理、心理、社會及靈性四個層面；”Timing”臨終議題討論時機分為三類：從日常中開啟對話、遭逢親友變故及長者面臨狀態改變；而家屬與長者無法進行討論的原因則有：長者健康狀態平穩時並不會多想、長者因疾病干擾無法表達意願、長者對於談論死亡的避諱與顧忌長者的誤會，晚輩不方便主動詢問；”How”家屬對長者的善終規劃分為臨終選擇與身後事宜計畫，臨終選擇包括：三不一要策略、減輕疼痛、及時行樂、共度最後時光、向長者道愛、順其自然面對死亡及運用宗教力量協助長者安然離去；身後事宜計畫的考量包括：遵循長者生前交代、子女預先為長者準備、依循宗教儀式、一場告別的「秀」以及達成對於生者的心靈慰藉；”Agent”長者善終決策的代理人，長者曾對於臨終或身後事宜表達想法的情況下，家屬的決策考量包括：達成共識尊重長者想法、因應其他考量無法遵從長者意願、彼此意見相左時家屬期望改變長者想法；若長者未曾表態，則家屬的態度包括：長者飽受疾病干擾只能由家屬代為決定、依據傳統此事自然該託付給家屬決定以及由親戚介入與家屬共同決定。,     基於上述研究發現，本研究分別就主要照顧家屬以及長期照顧領域實務工作提出多項建議，以做為未來思考長者臨終議題與服務提供之參考。,",醫學
"許多文獻指出護理人員超時工作的情形普遍，繁重的工作環境會對於護理人員造成負荷與倦怠，工作所帶來的壓力容易讓護理人員產生職業倦怠感，而研究顯示工作壓力與職業倦怠都是導致離職的因素。本研究之目的是探討長期照護機構護理人員工作壓力與職業倦怠之間的關係。本研究採電子問卷調查法，以長照機構的護理人員為對象，共回收有效問卷302份。以SPSS及AMOS統計軟體為分析工具。研究結果顯示：(1) 不同背景的護理人員對工作壓力有顯著的差異；(2) 不同背景的護理人員對職業倦怠有顯著的差異；(3) 護理人員工作壓力會正向影響職業倦怠。結論：長期照護機構的護理人員有較高的工作壓力與職業倦怠的情形，並依據研究結果提出建議給予長照機構管理者參考。,",醫學
"產後護理機構目前是一個需求大於供給的高度活躍市場。但市場競爭日益增大，如何找出市場差異對業者是非常重要的。本研究探討以不同孕期、孕次、背景的孕婦對產後護理機構在硬體設備、專業照護、服務保證與產後調理等四大服務構面所提供的服務需求重視程度差異性，來做市場差異化服務之研究。藉此變項設計不同服務重點來服務至機構參觀的消費者，用提升服務品質方式來展現其經營特色。, 研究發現第一孕期的受訪者，在專業照護重視程度高於第二孕期以上的受訪者，且差異達顯著水準；不同孕次的孕婦對四大服務構面重視程度無明顯差異；人口統計背景方面對各項服務重視程度，除了家庭型態無明顯差異外，其餘在年齡、職業、教育程度與家庭月平均總收入方面，有部分服務項目達明顯差異。, 最後，依據研究結論，提出建議如下: 在介紹流程上，可針對第一孕期孕婦先特別加強說明機構在專業照護上提供的服務，滿足第一孕期孕婦最重視的服務需求。最後依孕婦背景較關注的服務項目等問題來進行雙向通溝說明，展現機構的專業度，建立起良好的接觸印象，來說服孕婦做消費決策。消費者對機構提供的硬體設備、專業照護、服務保障與產後調理都顯示相當重視，因此必須縮小服務、溝通、傳遞之過程中與消費者所產生的缺口。讓認知服務能符合或超出消費者的預期服務，才能創造優良的服務品質，建立市場好口碑。,",醫學
"台灣的護理人員因為人手不足、工作時間長加上大部分人員須輪班工作，造成他們心理承受在工作上的壓力很大，且台灣的護理人員大部份為女性，社會賦予女性的刻板印象，導致他們在工作及家庭兩邊忙碌，常伴隨會有憂鬱、疲倦、睡眠障礙。近年來，許多研究發現維生素D不只是對骨骼的發展有關，也與憂鬱、疲倦、睡眠、免疫系統，甚至心臟疾病、糖尿病、慢性腎臟病相關；而發炎因子也被證實與憂鬱相關。本研究目的為探討輪班工作者憂鬱、睡眠問題、疲勞程度及發炎指數與血清中活性維生素D3的濃度之間的關係，以期能找出血清中活性維生素D3的濃度缺乏造成輪班工作者憂鬱、睡眠問題、疲勞程度及發炎預測的指標，作為日後改善輪班工作者身心健康的依據。本研究調查海線地區某區域教學醫院的普通病房、加護病房、急診單位共95位護理人員理利用疲倦量表、貝克憂鬱量表、睡眠通透性量表、血液生化數值、血液中發炎因子、血液維生素D濃度及非侵入性心跳率變異度檢測儀來檢測大夜班、小夜班、白班護理人員其憂鬱、疲倦、睡眠與維生素D缺乏(<20ng/ml)、不足(20~29 ng/ml)、足夠(≧30 ng/ml)及發炎因子與心跳變異度的關係。研究結果發現在95位護理人員中，高達91.6%有維生素D3缺乏及不足。不同班別的護理人員其睡眠困擾的通透性量表分數有顯著差異，其中大夜班平均分數顯著大於白班、小夜班；三個班別總分僅有大夜班有輕度憂鬱症狀；有疲倦的受試者占所有受試者的84.2%。但將維生素D3分成缺乏(<20ng/ml)、不足(20~29 ng/ml)、足夠(≧30 ng/ml)，發現維生素D3與睡眠、疲倦、憂鬱的關係並無明顯相關，但在心跳變異度中維生素D缺乏者nLF顯著較低、nHF則顯著較高。本研究結果值得讓大家更重視護理人員的工作環境及條件，多體諒護理人員的辛勞，政府也應該要正視目前醫療環境來做改善。,",醫學
"老年人口逐年快速增加是不可避免的趨勢，雖然需求增加了但相對各項不利經營的困境也日益加重。福利漸漸式微，產業化也更趨明顯，如何應用各項經營管理技能克服經營困境，運用各項經營策略發掘新需求、擴大新市場、完成新市場區隔、開創機構新立基，追求機構永續經營，將是每一經營者面對的新課題。, 本研究目的旨在探討屬於長期照護的護理之家醫療服務品質、知覺價值與滿意度之影響關係，並以本人服務之台南市某公營護理之家之住民家屬為研究對象，並歸納參考文獻與製作問卷，並以 SPSS 22.0 統計軟體進行資料分析，包括描述性統計、信度與效度分析、獨立樣本 t 檢定、單因子變異數分析、皮爾遜積差相關及迴歸分析等統計方法以進一步實證分析來檢定假設。研究結果將了解消費者的認知價值，進一步改善本院醫療服務品質與家屬滿意度，供長期照護業者在經營策略上之參考。, 本研究實證結果發現：服務品質對知覺價值具有正向顯著影響；知覺價值對滿意度具有正向顯著影響；服務品質對滿意度具有正向顯著影響。而不同的個人背景變項中，不同之年齡、教育程度及每月經濟來源的住民的家屬分別對服務品質、知覺價值與顧客滿意度構面，呈現部分顯著差異。,                          關鍵字：護理之家、醫療服務品質、知覺價值、消費者滿意度, ,",醫學
"隨著醫療環境之演變及全球醫療科技日益精進，現代化的大型醫療院所都具備相當規模的電腦資訊系統，據 IBM（International Business Machines Corporation，國際商業機器股份有限公司）統計，醫療院所是2015年最常遭到駭客攻擊的機構，其中部分原因來自於醫療院所的資訊系統含有大量個人資料，因此吸引駭客攻擊醫院、綁架電腦系統勒贖，多起事件也提醒了醫療界注重資訊安全，所以醫療組織必須建立一套資訊安全管理系統的架構以降低安全風險及可能之損失。,    本論文針對醫療機構之-手術室，參考【醫院資訊系統規範-2.0】作為各醫療機構導入資訊安全管理系統的主要方向，並以ISO 27002為基礎，納入保護雲端個人數據的系統標準：ISO 27018及個人資料保護法對有關資訊安全的規範，彙整出符合ISO 27799:2016國際資訊安全醫療標準為核心之〔醫院資訊系統規範-手術室護理資訊系統安全措施〕，應用於林宜隆教授等人所提出PLSE四大構面之資訊安全維護措施分析，最後再根據修正式德爾菲法問卷調教驗證手術室護理資訊系統之安全重要性與可行性，提出本論文研究發現與建議，藉此提供國內已導入護理資訊系統之醫療機構參考。, ,",醫學
"本研究旨在以經驗學習理論的應用，探討台灣與香港長期照顧機構管理者增能歷程，以及比較兩地管理者增能歷程之異同，進而建構台港兩地機構管理者增能模式。茲就具體研究目的分別為：一、比較台港兩地管理者擔任管理職位的背景與動機；二、比較台港兩地管理者目前工作內容及其所需具備之核心能力；三、比較台港兩地管理者初任管理職、當前主要困境與未來困境，以及因應困境的策略、增能方式及增能結果；四、建構台港兩地長期照顧機構管理者增能模式；五、根據研究結論，提出未來對台港兩地長期照顧機構與政府培育人才，以及未來相關研究之參考。,     本研究採用質性研究法，並以半結構式訪談法蒐集資料，進而採用比較研究法，以進行歸納和比較台灣與香港長期照顧機構管理者增能歷程之異同。本研究共訪談16 間台港兩地長期照顧機構管理者。其中，台灣機構管理者共十位，有五間是經政府評鑑為優等的機構，五間是甲等機構，包含四位男性、六位女性，其在目前機構的服務年資為2~18年，平均年資7.1 年。香港機構管理者共六位，有三間是香港老年學會公告獲選為香港安老院舍優質服務全面參與獎機構，三間是持有有效評審認證機構。包含一位男性、五位女性，其在目前機構的服務年資為2~24 年，平均年資9.5 年。本研究結果主要歸納為十項結論，分述如下：, 一、台港兩地管理者擔任管理者的動機主要受過去學習、職場經驗及個人信念與家庭等三大因素影響，且這些因素彼此之間可能相互影響，其中個因素中各以相似與相異的原因。, 二、台港兩地管理者在機構扮演角色與工作內容大致相同，其中較為不同之處在於台灣管理者重視人才培育和職涯發展，以及機構內外資源的連結；香港管理者注重市場開發與品牌建立。, 三、台港兩地管理者在核心職能中，長期照顧職能皆相同，但在高齡者健康老化共通職能、經營管理職能與共同態度方面有所不同，進而本研究依據兩地管理者核心職能結果建立兩地管理者核心職能模型。, (一)兩地管理者核心職能在長期照顧專業職能方面的內涵相同，但在高齡者健康老化共通職能、經營管理職能與共同態度方面有些微差異。, (二)兩地管理者核心職能模型是由七大共同態度、三大高齡者健康老化共通職能、四大長期照顧專業職能與八大經營管理職能所構成的M 型金字塔。, 四、台港兩地管理者過去初任管理職在遭遇相似困境中，所採取因應策略皆是透過學習以達個人增能；另兩地管理者在過去所遭遇困境有所差異，因而採取不同因應策略。, (一)個人能力不足與工作中不適應為兩地管理者過去初任管理職的共同困境，且所採取因應策略與增能方式會是透過學習，以個人增能為優先。, (二)兩地管理者在初任管理職所遭遇的困境有所差異，台灣管理者遭遇人事管理、家屬投訴、機構營運及建立制度與模式等困難；香港管理者則是遭遇第一次參與安老院舍評鑑的困難，因而採取不同的因應策略以克服困難。, 五、人事管理、機構品質及機構營運與發展為台港兩地管理者現在共同困境，其中在各困境中兩地各有相似與相異之處，但兩地管理者所採取的因應策略則以促進機構整體發展與提升服務品質為主要目標。, 六、政策變遷與發展被兩地管理者視為機構的未來困境與挑戰，台港兩地管理者對新政策推動所提出因應策略差異之處在於社區連結與否。, 七、台港兩地管理者過去增能方式皆以正規教育、非正規教育與非正式學習為主，藉以提升個人能力；現在增能方式以非正規教育與非正式學習為主，其中較特別之處是台灣管理者還有參與正規教育，藉以達到個人與機構增能。, 八、增能結果皆對於台港兩地管理者個人與機構增能產生正向影響，然而台灣管理者比香港管理者重視與社區的連結與社區增能。, 九、從過去到現在增能中，增能結果也可能影響台港兩地管理者持續擔任管理者與工作動力，甚至會影響個人未來持續學習與增能的方向。, (一)在增能歷程中，有團隊支持與認同、住民的改變，以及從工作中找到成就感與自我價值是支持兩地管理者持續工作動力；其中較特別的是台灣管理者還將機構永續發展與傳承作為個人使命與持續工作動力。, (二)機構管理與老人照顧相關課程是兩地管理者未來增能的目標，較不同的是台灣管理者想學習團隊增能與人才培育、老人政策與國外長照經驗，及活動帶領課程；香港管理者則是想學習心靈成長類的課程。, 十、台港兩地管理者增能模式是由六項要素所構成，且每個要素之間會彼此產生連結，並以經驗學習貫穿管理者增能歷程，同時隨著個人職務升遷或改變形成增能模式與循環歷程。, ,",醫學
"我國人口老化與失能者照顧的問題日趨嚴重，民眾對於長期照顧的意識日漸高漲。本研究重點在瞭解我國長期照顧制度之現況與推動和知覺風險與長期照顧險購買意願之關係並且探討以個人屬性-性別、年齡為干擾變項對知覺風險與長期照顧險購買意願之間影響。本研究採用問卷調查法來收集資料，於2018年3月27日至4月7日以電子問卷方式發放，合計426份，並採用敘述統計分析、信度分析、相關分析、迴歸分析進行資料分析來驗證研究假說。, , 根據資料分析，研究結果發現：, (1)知覺風險對長期照顧險購買意願有負向影響, (2)性別在知覺風險與長期照顧險購買意願之間具有部分干擾效果, (3)年齡在知覺風險與長期照顧險購買意願之間具有部分干擾效果, , 最後依據上述研究結果，分別對政府單位、保險業者與後續研究者提出相關建議，以供參考。, ,",醫學
"背景：職場霸凌是全世界的問題，英國、澳洲、歐洲、美國等國護理人員職場霸凌已是一個重要議題，並發現健康醫療照護體系發生職場霸凌(workplace bullying)的機率，明顯高於一般職業。, 目的：本研究為質性研究以探討組織工作因素之職場霸凌為主要研究目的，並探討護理職場霸凌發生後之工作效能的影響。, 方法：研究採用質性訪談，共招募志願參加達飽和共14位護理人員。採用一對一提問半結構式深訪方式進行，訪談時間約為30~90分鐘。取得IRB的審核通過後，開始收集資料。訪談過程同時收集訪談稿、筆記及經個案同意進行同步錄音。另外，為了彌補資料不足，必要時也採用電話回訪。訪談資料譯成逐字稿後，再進行編碼(code)、分析歸納與整理，在做分類說明。, 結果：影響護理人員職場霸凌之因素分別為組織管理因素及政策問題兩大類。組織因素包含主管領導風格的問題、不友善的環境(人際關係)、組織公平性、不當的組織規範；政策因素，包含，院內及國家醫療管理政策。霸凌事件發生對護理人員之工作效能及身心健康均有影響。, 結論：護理職場霸凌之相關因素中，護理人員的工作特質與工作滿意度是相對等的。當工作滿意度不佳，即易發生職場工作霸凌問題。而針對組織相關因素中管理者也就是主管的領導能力，對基層護理人員而言非常重要；她們認為主管在處理霸凌事件，或事件發生時處理不當，是會影響護理人員的工作效能。主管領導問題，被視為單位發生霸凌時，最主要的影響因素。本研究收集分析中發現最新最特別的議題為政策問題。另頻繁的國家政策變動且無良善的相對應措施，均易導致這些政策，造成一連串的組織工作霸凌問題發生。, 建議:, 1. 建議醫院有良善的公開工作規範及明確的工作分配，升遷制度公開透明，及公平有制度的獎懲條例，並確實落實施行。, 2. 倡導反霸凌行動零容忍策略，應強調上與下之間的雙向溝通，護理主管必須有良好的領導能力，或成立反制霸凌的組織。, 3. 國家能在實施新政策前能有良善配套措施或明確的策略，勿朝令夕改。, , ",醫學
"本研究的目為開發一基於串聯彈性致動器所設計的工業型鉚壓模組作為印刷電路板打件機的相關應用，其中串聯式彈性致動機構固定於滑塊上，並置於位移機構的線性滑軌作定向位移，藉由線性馬達驅動滑塊快速下降，使彈性致動機構前端的沖頭沖壓置放於印刷電路板上的緊固件，如此完成整個鉚壓作業。本模組的特點為不需要再額外加裝壓力感測器做回授控制，利用讀取彈簧的壓縮曲線便可調整PID控制器參數適應不同材質緊固件的鉚壓作業，並判其鉚壓品質。實驗結果證實了此系統於緊固件鉚壓作業的可行性。,",工程
"製造業隨著人工薪資高漲、原物料成本上升、產品的多樣與客製化需求提高，競爭相當激烈，同時產品之壽命週期日益縮短，唯有不斷求新求變與控制成本才能在市場上站穩腳步，邁向工業4.0的自動化生產是目前產業趨勢的改變。本文針對具繞性且不易自動化生產的通訊傳輸線接頭產品之自動化製造生產，提出以三階段方法規劃與建構流線型態之自動化生產系統，並且以具方向性之通訊接頭生產線為例，實際逐步建構具工業4.0規範之自動化生產系統。, 本文所提之三階段方法可以分為: (1) 產品之生產製程分析與規劃：收集產品製程資料並分析，建立完整的生產製程規劃之作業標準。 (2) 製造單元規劃與設計：針對產品製造進行單一製程時所需之治夾具與對應動作之機構進行設計，並提出以治具更換需求為基礎的製造單元分析及製造。以具方向性之通訊接頭生產線為例，本文將各單元製程，依治具更換需求為基礎分成完整的三個製造單元，與數個工作站組成，並規劃各單元合理的操作程序。 (3) 系統建構與整合測試：利用Flexsim模擬軟體建構生產系統之模擬模式，依模擬結果規劃各單元暫存區容量，完成生產線平衡之設計以及產品品質控制方法，並進行可程式控制(PLC)之軟體系統整合，進行生產資訊之收集。, 經由實際建置半自動化單元生產線，實機建置後可以將原先通訊傳輸線，人工產能一班44人11小時產出5‚850條傳輸線，以相同產量計算轉換成局部自動化流水線後所需人數由44人減少至27人，足見自動化效益極高。未來可以將生產線模擬模式與實際生產資訊資料庫整合，進行虛實整合產線(CPS)建置，完成具工業4.0規範之流水型態自動化生產線測試，並利用統計製程管制分析(SPC)來評估其生產良率，以期未來將產線完全自動化。, ,",工程
"近年來，氣候變遷(climate change)已受到全球的重視，二氧化碳(CO2)、甲烷(CH4)及氧化亞氮(N2O)為三種主要的溫室氣體，其中濕地是重要的天然碳匯或碳源生態系統，而廢(污)水處理廠也屬於溫室氣體排放的主要來源之一。國內外許多研究均指出廢(污)水處理廠及河口濕地在淨化水質的氧化及還原過程中，會同步釋放出溫室氣體，由於全球暖化(global warming)對環境的嚴重衝擊，因此進一步深入瞭解影響溫室氣體逸散排放的可能影響因子，實有其必要性及重要的環境價值。本研究首先利用自行開發設計的溫室氣體在線連續監測方法與傳統的氣相層析儀(gas chromatography)分析方法，配合動態浮動氣罩(dynamic floating chamber)，進行溫室氣體量測的平行比對及精準度驗證；再將在線連續監測系統應用於具代表性的工業廢水處理廠及天然河口濕地，並針對各廢水處理單元及河口濕地不同棲地，分別進行連續24小時的溫室氣體監測，藉以精準推估溫室氣體排放量及排放係數，再進一步配合量測所得的水質參數進行相關性分析。, 本研究針對石化工業及綜合工業廢水處理廠的現地溫室氣體監測結果發現，若每天僅採集數組氣體樣品進行溫室氣體濃度分析，用以估算溫室氣體的逸散排放量，非常可能會發生明顯高估或低估情形。由光學儀器法(NDIR)與氣相層析分析法的平行比對結果得知，除少部分樣品外，光學分析法與層析分析法，針對短時間及相同氣體樣品，兩種方法量測數據的差異性不大，例如:每天採集至少四次以上的採樣頻率，絕大部分相對誤差均低於7%，可見應用動態浮動氣罩進行GHGs監測具有可行性及可信度。, 由24小時連續監測結果得知，兩座廢水處理廠的溫室氣體排放濃度均呈現明顯的日夜變化趨勢，各處理單元溫室氣體逸散濃度呈現日間高於夜間之趨勢，其可能原因除日夜溫度變化外，各處理單元廢水的水質變化亦為可能原因之一。由在線連續監測結果得知，廢水處理場密閉式處理單元可監測到較高的GHG濃度，乃因密閉單元容易造成溫室氣體濃度的累績，相較之下開放單元較不易受到濃度累積之影響。各處理單元溫室氣體逸散均有明顯變化，CH4的日間逸散量較夜間高，N2O的夜間濃度變化較無明顯趨勢，反而是日間濃度有逐漸升高之趨勢。經由各處理單元排放溫室氣體的監測結果進行排放係數計算，配合操作相關資料進而推估出各處理單元溫室氣體排放量，亦可明顯看出各處理單元溫室氣體排放量，CO2的最高排放通量單元為調勻池及曝氣池；而CH4及N2O的最高排放通量單元均為終沉池。, 天然河口濕地受潮汐作用影響，河水及有機物與空氣接觸，進而因含氧量變化而影響溫室氣體的排放，植物對有機物的物理及化學作用(如：溫度、濕度、pH、有機物含量及胺基酸等)明顯改變溫室氣體的逸散排放特徵，可見濕地的植物影響溫室氣體排放比潮汐影響還要來得重要。因濕地有不同的濕地條件可能影響其生物、地質及化學程序，亦即影響碳匯及CH4釋放能力的多寡。濕地土壤長年處於浸水狀態，土壤孔隙呈飽滿水份狀態，底層土壤容易形成厭氣環境，氧化還原電位較低，且有機物含量豐富，這些都是造成CH4排放的原因。而夏季N2O排放濃度明顯高於CH4，原因為夏季溫度較高，會提高微生物的活性，增加脫硝與硝化作用的反應速率。, 天然河口濕地的三種棲地(泥灘地、植物及河水)對溫室氣體CO2、CH4及N2O排放通量有明顯的影響。由天然河口濕地溫室氣體排放與水質相關性分析結果得知，在濕地環境中CO2排放濃度與水溫、DO和TP呈明顯正相關，CH4排放濃度與DO、TP和NH4+-N呈明顯正相關，而N2O排放濃度與DO、TP和TN具有明顯正相關。因此，若能有效控制濕地環境的水質條件，或可降低天然濕地的溫室氣體排放量。,",工程
"機器手臂動作規劃為製造業自動化之重要工作，機器動作除可替代人類工作時之手部及大、小肢體動作，亦可連貫執行手部與機器之整合動作。由於具備可程式控制之本質，使機器手臂具有能快速適應異動之工作彈性，故成為工業4.0智慧製造環境之必要工具。然而，工作動作之多樣性乃隨產品樣式與數量之成長而正比增加，且為了確認動作符合實際需求，設定之工作通常須在生產現場實測進行。如此的作法就需要暫停工作並佔用生產線，當設定過程較為繁瑣耗時，就會直接增加整體生產之前置時間。本研究乃採用擴增實境(Augmented Reality, AR)之技術，運用AR標記定義實體工作空間之關鍵操作位置，並藉由逆向運動產生機器手臂動作軌跡之控制數據，再以虛擬空間之相等外型機器手臂模擬動作可行性。如此除可參考真實背景設立標記，亦可運用虛擬設施於遠端或離線進行工作規劃，促進機器手臂之虛實整合式控制能力。,",工程
"本研究主要目的是探討製造業的智慧化工廠設計與建置，分析製造業工廠可以如何因應智慧化。目前將製造業結合資訊科技仍處於新興階段，如何建立智慧工廠依然在模糊地帶，因此製造業在打造智慧化工廠上可能會遭遇發展困難。, 研究採取個案研究法，透過中國金豐機械工業有限公司智慧工廠實際案例，整理出建置智慧工廠的方法，作為其他製造業打造智慧工廠的參考。, 研究結果發現智慧工廠的設立重於實用、對自身需求的瞭解、依循步驟，針對真正需要智慧化的地方來改變，因此企業欲推行智慧化可以從知悉工廠所需並且投入資源，一步步打造智慧工廠。,",工程
"所謂工業風格，產品必須真實呈現給使用者，讓使用者暸解其材質特性，例如金屬光滑堅硬、木質溫暖柔和等，搭配原本產品自身的語意，可以令使用者更深一層的了解產品想要表達的訴求及其可能性，工業風格便是其中一例，當看見了充滿刻意表現出機構與結構所組成的產品或建築時，工業風格是一般人與設計專業者能夠共同理解的語彙。工業風格其實並非為一個精準確立的名詞，本論主要目的則是分析並建構工業風格設計流程。, , 本論之工業風格脈絡根據Ganea所提出的構成工業風格三個條件，也就是俐落的線條、刻意突顯的連接處、動態互動，進行架構並推導出建構工業風格應具備的功能準則與造形規範。首先將論述分為功能與外觀兩個面向，功能係以工業與製程之製程角度重新審視工業風格三條件會出現的原因，並與功能做連結；而外觀部分則是搜集各個年代風格代表作品，並利用形態分析法對作品進行描述與利用工業風格三條件進行篩選，最後得到形態要素、結合關係、細部處理、材質、色彩計畫、質地六大項外觀造形規範，並應用於實際產品設計製作中。設計製作產品共八樣，前四樣為碩士提報作品，後四樣則是碩士口試作品。作品如下有：, 可攜式準系統架、千斤頂高腳椅、滾珠軸承桌燈、閘式吊燈、指向喇叭、機車用水密導航架、快拆手錶、後仰休閒椅。,",工程
"本論文旨在研究工業皮帶的製程設計及改良之相關加工原理做細部闡述，並針對研究製品進行系列物理性及化學性能做測試驗證。包覆織物是整個工業皮帶在製備加工基本關鍵技術之首要。在工業上它必需面對各種不同的用途需求及嚴苛的使用環境。所以三角皮帶包覆織物基本上必需具備下列缺一不可的系列物理性能及化學性能：1.)吸濕性較低。2.)不易起毛毬。3.)耐化學品性能佳。4.)不易變形變皺可塑性強。5.)彈性模量高。6.)耐磨性好。7.)耐高速屈撓。8.)耐高頻振颤。9.)耐擠壓，耐衝擊強度高。10.)耐熱性好，抗熔性要高。11.)不易起靜電，不帶靜電。12.)抗紫外線耐光性能好。13.)色牢度好，不易褪色。15.)耐黴菌蟲蛀。16.)與各式膠料親合性好，黏結力高。17.)性質穩定可耐長久置放。18.)長時使用物性不變，壽命高。19.)外觀平整亮麗。20.)單價高貴不貴。上述皮帶兼具的特性係自有工業皮帶製品應用以來，世界上各生產工廠長期投入相關複合材料的加工技術開發，及研究如何完善妥適應對的策略並達突破之未解課題。, 本論文具體開發完成新型工業皮帶的製程技術開發：, 1.)包覆織物在前期加工所加與的絲油能妥適去除。可有效的增強包覆織物與膠料間的親合性及提升其配套需求面的物理性及化學性。, 2.)包覆織物能妥適完成染色工序。使外觀持久平整亮麗。, 3.)包覆織物能妥適完成浸漬RFL工序。使與各式膠料親合性好，黏結力強固。長時使用物性不變，壽命高。, 並得到新型工業皮帶製品最佳化的特性分別為：., 1.)可以以聚酯/尼龍長纖紗來取代往日一般業界長期採用的棉/聚酯短纖維紗，做為織造包覆織物的原材料，更可妥適達到物理性能及化學性能高標要求。且其黏結力與壽命測試結果是往日相同產品的數倍優異。, 2.)如果採用聚酯/尼龍長纖纖維再以本研究所得結果的角度切法來裁切包覆織物，則可用一般平紋織法所織造的包覆織物來取代必需使用特殊織機織造的昂貴廣角布布種。可合宜的降低原料成本。, ,",工程
"隨著工業4.0 的熱潮正席捲全球之際，智慧化與自動化工廠已蔚然成為各大, 製造公司建構的必然趨勢，但是所必須投資的人力、物力與財力等各項資源，, 必然也是相當的可觀，也絕非台灣一般中小型企業的傳統工廠所能負擔。面對, 這一波全球性的工業改革浪潮，產官學界任誰也無法置身度外，尤其是國內傳, 統中小型製造商，除了苦於資源和研發能力缺乏的困境外，對於不同階段所投, 資建構的傳統生產機具，既不具備監控與相互連線的功能，而且生管流程仍依, 循舊有模式，受到諸多人為有形無形的牽制，更遑論工廠智慧化與自動化，嚴, 重影響生產機具稼動率與產能，若無適當可行的積極作為與方案，恐有落於被, 邊緣化而遭淘汰的窘境。有鑑於此，本研究提出一創新且經濟實惠的作法，將, 傳統機具加裝感測器，如三軸加速器、溫度與濕度感應器等等，利用物聯網與, 大數據模式，蒐集生產機具與廠域資料，來利用類神經網路反覆進行資料分類, 與分析，進而達到趨於最佳化的機器學習境界，找出各種不同情境的特徵值，, 再利用新穎的資料分析法-天際線查詢方式，依循不同情境需求，提供最佳解決, 方案，以實現智慧化與自動化的目標。以此架構與方法，本研究藉由彈簧與航, 空機件的工廠生產機具與場域，實地驗證找出優化方案，促使傳統生產機具與, 生產流程，亦可經由最新科技理論與方法，提升生產機具稼動率與產能，逐步, 邁向智慧化與自動化，希望可以達到工業4.0 的理想目標。,",工程
"工業4.0的核心在於以數位化的資訊技術輔助自動化的實體製造，因此虛實整合系統(Cyber-Physical System；簡稱CPS)的概念屢受關注。本論文的研究動機是想從工程軟體的角度出發，了解智能化(包含數位化與自動化)工具如何協助製造業智慧生產，進而達成縮短上市時程的目的。本文應用歸納法，以知名工業軟體供應商的智能化工具發展歷程，探討設計軟體達成智能化的方法與趨勢。並且，本文採用廣泛被製造業所運用的電腦輔助設計(Computer aided design, CAD)工具，利用一個簡化的工程案例並利用實驗設計法，以評估使用傳統設計工具與智能化工具方法的差異。另一個目的則是透過此實驗，提供一個評價CAD軟體自動化成效的方法。, 研究結果顯示，各大工業軟體為了因應工業界對於設計軟體自動化的需求，大量的利用併購的方式，來擴張自身軟體的功能；除了涵蓋了傳統CAD/CAM/CAE外，也快速的引入了產品生命週期（Product lifecycle management, PLM）概念，並且持續朝向雲端發展。另一方面，本研究經由實作得知，無論使用傳統或是智能化工具，兩者所得到的最佳設計參數與其數值特徵也相當接近。但若是以完成設計工作時間的節約而言，使用智能化工具的方法明顯是優於傳統設計的方法。相較於傳統設計的方法，只能不斷修改模型尺寸，得到最佳方案，而智能化設計的方法可以利用更便捷的方式，快速的計算並列出許多可選方案，提供設計者選擇。因此，設計軟體的智能化，主要是希望透過降低設計師重複性較高的低階工作，而將重心放到更高階的設計思考上。, , , , ,",工程
"本研究旨在發展高級工業職業學校「工業配線丙級」檢測訓練課程教材，以彌補現有制式測試參考資料之不足。研究中將文字設計成多元實作圖片，以適合實作取向教學法之所需。此外，亦歸納出學生於學習過程中較容易忘記或錯誤的部分，重點加以解說。至於基本配線的部分，則由現場授課教師藉由圖示，強化學生的學習成效。如此，不僅可縮減教材篇幅，進而讓學生利用顯而易懂圖形來增進記憶，於實際參與檢定時，大幅減少配線出錯機率。實證教學結果顯示，本研究所發展出之教材與教法符合教學預期，不僅能提高證照取得率，同時也能減輕授課教師在教學過程中的壓力。,",工程
"本論文主要針對各種標準時間協定與時間同步架構介紹其原理，進而瞭解跨系統間交互通訊協定及精確度誤差。利用量測儀器取得各通訊間的誤差，並重新建構設計誤差容許值，使不同系統能進一步取得時間同步且誤差值視為可接受且不影響精度，亦可提供系統在分析與維護時的後端有效數據。,",工程
"在油槽之程序控制中PID使用相當廣泛，例如高壓槽、常壓槽等都可見其蹤跡，如此受歡迎的原因為此種控制器是屬於通用的型式，適用於各種不同的工作程序，不需受到操控程序的模式。而目前工業界有許多PID控制器，在不同環境下，所設定的PID參數皆不同。在PID驅動的控制閥中，廣泛使用的是溫度控制、壓力控制。本論文中藉由PID參數模擬以及透過Ziegler-Nichols經驗法則對系統不斷的嘗試錯誤，將其結果使用Ziegler-Nichols法則計算其控制器參數，找出最適合用在此實驗中的PID參數設定。, 論文中藉由Ziegler-Nichols經驗法則比較得知最佳數值為K_p=0.8，K_i =0.5，K_d=0.25，相較於其他設定數值比較起來使得機台運作趨於穩定狀態，提升生產效率。經由這次研究可使未來在調整PID控制方面，能夠更快的了解客戶的需求，不僅可以確保所獲得的控制器的穩定性，也可以有效改善演算法的運作效率，也能使得控制器的效能更加優良，更具強健性的控制性能。, ,",工程
"建築技術規則自公告至今，經歷了無數次修正，但關於廠房類建築，一直沒有太大的改變。隨著社會及經濟的進步，廠房類建築物也越來越多樣，從以前的單層式山形廠房，到現在的多層式、大跨距或是超高樓層的廠房。現有建築技術規則能否滿足上述工業廠房的需要，或者是在滿足法規需求的前提上，以最經濟的方式達到目標，都是大家須面對的課題。, 高雄市綠建築自治條例自101年7月1日實施至今，一直以來是高雄市建築從業人員談論的焦點，從屋頂綠化、太陽光電及綠能代金，無一不是創全國先例，希望能扭轉世人對高雄工業城市的刻板印象。而在這種思維下，法規在針對工廠類建築物遇到屋頂綠化及太陽光電建置問題時，能否有彈性的正向對策及運用方式，讓業界不在只是迫於規定而建置，而是了解建置後對環境、本身及公眾利益是有幫助的。, 工業廠房因其廠域性及特殊性，如何在確保安全、合法的前提下，達到法令要求，除了關係到安全外，也關係到經濟，本論文期望從基地面向的滯洪池、外觀面相的綠化及太陽光電，一直到建物內部的無障礙設施，設計者如何提供最佳化設計，提供正向的對策來滿足需求。, ,",工程
"台灣的工業設計實力有目共睹，豐沛的設計教育資源讓台灣設計人力與日俱增，成就許多設計人才，並於世界各設計大獎屢創佳績。然則研究者發現，雖設計人才輩出，但其新產品開發成功率仍未顯著提升，存在其設計思維與市場思維之斷層。欲深入探究其原因，綜觀學術界與實務界，雖已有許多對於新產品開發與顧客價值之研究，卻鮮少討論其新產品開發與顧客價值之間的相互關係與實際作法。因此，本研究欲將工業設計產品之開發歷程與其探索顧客價值之方法進行交互分析，完整其各階段之探索顧客價值具體做法，供未來設計產品開發者參酌。, 本研究採用個案研究法，選定「打鐵仔」、「層層生活」、「走走家具」三間台灣設計家具個案研究，作為本研究實證之核心內容。透過探究新產品開發之流程及探索顧客價值之方法，輔以學術相關研究進行綜合分析比較。, 本研究結果發現，工業設計產品作為一提供解決人類問題的新提案，與顧客有密不可分的關係。此外，在新產品開發過程中，設計者需綜觀設計與市場思維進行權衡性創作思考，並隨時注意顧客價值隨人事時地物之變化之可能，進而做動態調整修正。最後，進行顧客價值之探索時，需注意其樣本是否與目標客群相對應，為達成商品化之目標，設計師最終採納之顧客價值類型多半來自於功能/手段的價值創造，透過其權衡性的評估，方才讓其新產品能夠在市場及設計間找出一條最佳的發展途徑。,",工程
"近年來，國內技職教育日益受到政府重視，各大專院校整合校內資源系統，以提升組織效能與維持國內競爭力，各科系積極開設專業教育及訓練課程，其中技術學院改制升格為科技大學後專業實務課程多改為理論教學，使學生實作能力減弱，許多傳統產業進而出現專業技術人員不足的困境，透過本位課程選擇相關專業課程並與業界結合，補足學校所無法提供的技術，藉以培育政府與產業所需之專業人才，但因業界範圍太過廣大外加人力不充足，故本研究之主要先以學生為主要調查目的。, 本研究以某科技大學-工業工程與管理學系大四生為例，進行問卷調查探討工業工程與管理學系所教授之專業技能，利用KSAO模型結合IPA分析與KANO二維品質模式分析後，改善順序為：「專業倫理」>「資訊能力」>「組織能力」>「社會責任」>「基礎知識」>「工程圖學」。可作為各大專院校工業工程與管理系所最佳發展方向及競爭力之參考，提高專業教學發展之品質，創造學習之價值。,",工程
"隨著機器人產業的發展，越來越多的工廠引進機械手臂進行工廠自動化生產，但隨著任務逐漸複雜，提供更直覺的操作方式以減輕操作員的負擔，成為重要的研究課題。目前的機械手臂的任務教導，大多以傳統式的教導盒或是操作電腦進行設定，需要花費較長的時間進行操控及設定，為了要使任務教導效率提高，友善的人機操控介面及方法是值得研究的方向。本論文使用Android平台之平板電腦來操作工業用機械手臂，使用者於平板介面進行卡式操控時，受限於以二維介面操控三維空間運動的侷限，並無法準確得知機械手臂與環境相互關係，因此加入深度感測器，據以提供三維空間資訊，輔助使用者提升操控效率，同時增加安全性，此外，也透過實驗比較所開發的介面與其他操控介面的表現，驗證了本研究所開發系統確實能有效減少使用者負擔、提高任務效率。我們也分析有無相關知識背景的受測者執行結果，並針對受測者作問卷調查，以了解受測者在使用所開發介面的感受，所得到的意見回饋將作為未來系統改進之參考。,",工程
"盱衡世界各國漸朝建立績效評估為導向的預算制度，在國家總體科技預算有限的情況下，為確保科技研發資源運用的有效性，對政府研發補助計畫進行成效評估實有其必要。, 本研究採用個案研究法，以經濟部技術處所推動之科技專案為研究對象，進行研發補助計畫執行成效評估之研究，期達成二個目標：1.瞭解工基計畫之執行成效，及其與政策目標之連結；2.科專績效評估指標對專案類計畫之適用性。, 本研究從結案計畫中選取兩個個案，進行個案資料蒐集與整理，以利比較與驗證。評估方法以IROT (投入因素、成果產出、成果運用及效益等四個構面) 為基礎的評估架構，評估項目則兼納政策制定者、廠商及社會大眾所關注的議題(產業效益、營收、就業)進行評估。, 研究顯示計畫成果與工基計畫之推動目標具有高度連結，執行成效同時顯現經濟效益、產業效益及社會效益，堪為科技政策辯護之佐證；資深/優質的研究人力，有助提升研發績效；專利對執行廠商保障其研發成果至關重要，也是衡量研發成果的重要指標，但以專利衡量計畫的研發成果不免產生偏頗，因此專利、論文及研究報告一類技術指標，應視計畫屬性與產業別而異，予以彈性及調整空間。,",工程
"本研究主要目的在探討我國公立技術型高中工業類科教師組織氣氛知覺與專業成長知能之現況及其關係，研究採用問卷調查法，以105學年度任職於公立技術型高中工業類科前三大群（電機與電子群、機械群、動力機械群）之教師為研究對象，採分層比例叢集抽樣，共計發放584份問卷，回收525份，有效問卷共501份，有效問卷回收率85.79%。問卷回收後所得資料採用描述性統計分析、單一樣本及獨立樣本t檢定、單因子變異數分析、Scheffé事後比較檢定及皮爾森積差相關等統計方法進行分析。歸納本研究結果加以分析獲得以下結論：, 一、公立技術型高中工業類科教師整體的組織氣氛知覺屬於中高程度，以「科主任支持行為」構面最高。, 二、不同群別、學校規模的公立技術型高中工業類科教師的組織氣氛知覺有顯著差異。, 三、公立技術型高中工業類科教師整體的專業成長知能屬於中高程度，以「專業態度知能」構面最高。, 四、不同學校地區的公立技術型高中工業類科教師的專業成長知能有顯著差異。, 五、公立技術型高中工業類科教師的組織氣氛知覺與教師專業成長知能有顯著相關。, 本研究並依據研究結果提出具體結論與建議，期供技術型高中工業類學校行政、科主任及教師參考。,",工程
"在過去，製造業為了解決大量生產之商品銷貨不佳，而必須銷毀商品造成浪費嚴重；在未來，世界因應社會責任、環保主張，勢必將會走入以「客製化」與「個性化」為手段、商品「批量小至一個」也能夠開發生產的智慧製造，即所謂工業4.0；也由於資訊技術上的突破，人們進入了數位經濟時代。在這個新興時代，數位連結網路造成了極大的顛覆；強調具有多位行為者互動、合理分配的平台經濟模式因工業與資訊技術的革新，趁勢席捲整個產業。, 企業資源規劃系統(ERP)一直是企業管理之核心資訊系統，但為因應未來工業4.0與平台經濟、客製化、個性化製造等趨勢，此資訊系統理當與時俱進。是故，本研究提出的因應工業4.0與平台經濟趨勢之創新ERP系統概念設計，賦予各組織有獨立的三個帳戶，從中算出客製化產品之實際成本；再利用DOMAIN的概念進行資料的分類與編碼便於管理數據，找出客製化訂單的所有關係者，以做出合理的利潤分配，符合並滿足未來工業4.0、平台經濟模式之需求。,",工程
"工業4.0時代的來臨，工業機器人也將會扮演相當重要的角色。專家指出，以網際網路、新材料和新能源為基礎的「智慧製造」將是下一波工業革命的核心，而主體就是工業機器人。, 本論文研究水平關節型(SCARA；Selective Compliance Assembly Robot Arm) 工業機器人之設計，其中包括交流伺服驅動器、RV減速機、滾珠螺桿花鍵、時規皮帶、時規皮帶輪與機構的製作技術，可提供工程師學習製造工業機器人之範本，在工業4.0時代下將是最重要的關鍵技術。, 使用SolidWorks電腦輔助設計軟體設計水平關節型工業機器人的機構，並使用電腦數值控制工具機與加工中心機製作完成，控制部分是使用乙太網控制自動化技術(EtherCat)，規劃正向運動學及逆向運動學控制工業機器人四軸運動，並且將輸入/輸出介面及氣壓接頭整合進水平關節型工業機器人。, 本論文設計之水平關節型工業機器人，與市售之水平關節型工業機器人，最大不同是使用乙太網控制自動化技術之控制器，及工業機器人之第一軸與第二軸使用RV減速機，其中乙太網控制自動化技術優點有快速、多軸同步性高、可控制從端數量多等特色，而RV減速機優點是剛性強、抗衝擊性強、輸出扭矩大、以及高精密度定位等特色。,",工程
"本研究提出使用高穩定銦錫氧化觸控薄膜應用於溫度、酸鹼度及電導度三者特性開發與量測，改良前人穩定性不高的濕式王水蝕刻製程，採用快速雷雕取代，在酸鹼感測晶片上，使用雷射加工的方式，定義出溫度及電導度的電極圖形，此製程不僅大幅縮短晶片製程時間，也提高晶片加工後電極與電極間絕緣穩定性，使整體晶片可微小化。晶片後端量測架構中，酸鹼度感測部份，改良前人酸鹼量測中延伸式閘極場效電晶體(Extended-Gate Field Effect Transistor)架構，使用經過挑選的市售電晶體，搭配本研究開發穩定I - V轉換電路，得以作為穩定後端特性量測。溫度及電導度部份，連接市售電錶作為特性量測。在晶片連結部份，本研究使用6 pin軟性電路板(Flexible Printed Circuit，FPC)連接器作為電路與晶片電極連接橋梁，與其它市售腳位較平坦的連接器相比，FPC連接器接腳相對較立體，可以與感測晶片緊密接觸。且連接器可插拔特性，適合當薄膜長期量測損壞時，可迅速取下更換，成為一個多功能晶片可拋式感測器。量測結果顯示，微小化感測晶片，酸鹼感測範圍仍可達pH3 – pH13，且面積在19.5 ~ 52.0 mm2 變異量<8%及流動測試在100 ~ 500轉(Revolution(s) Per Minute, rpm)變異量< 4 %。溫度部份，水溫約每上升1oC ，感測薄膜的電阻大約會上升2 Ω，且不同初始電阻具有相同溫度電阻特性。電導度部份，可明顯區分不同水質電導度。雷射穩定度部份，利用雷射加工製作20片不同晶片，在相同酸鹼下，晶片變異量小於7%。最後，收集9位測試者，共計10個尿液樣本，成功歸納出飲食與尿液酸鹼及離子濃度關係。由一系列研究結果，驗證以此方式加工開發出的多重微型感測晶片，具有良好的穩定性，對尿液也具可進行實際感測，未來可將朝拋棄式及結合生理監控系統方向發展。,",工程
"在此製造業已臻成熟的基礎下，許多台灣廠商開始建立品牌，藉由設計創造優勢，引入工業設計師(Industrial designer)則是相對重要的一環，工業設計師扮演著在特定的條件限制下創新的角色，產生具有創意之產品造型設計(Form design)，並建立競爭上的優勢。工業設計中，汽車改裝套件設計(Aerodynamics body kits)創新難度最高，需要高強度的產品意象造型能力與三維立體曲面建構觀念，在工業設計界被認定為造型創新難度相當高的產品。基於此，本研究以汽車改裝套件之設計專利為例，探討全球工業設計造型創新之演進，進一步討論各國在此領域的能耐與相對優勢。, , 本研究以汽車改裝套件專業名詞中為關鍵詞，如保險桿(bumper)等進行專利檢索，透過全球專利資料庫WEBPAT擷取1978年到2016年共1866筆美國專利，並以此專利資料做主路徑分析及集群分析，探討整體專利之長期發展與設計知識網絡現況，再藉由造型風格分析矩陣的分析，提供實務上的市場切入建議。將專利的外部關係與內部內容做完整的統一，整合出完整的策略佈局分析。, , 研究發現汽車改裝套件設計專利最早源自於1978年法商雷諾(Renault)，1980年開始，日商(Toyota、Honda等)、美商(Ford、GM等)、德商(Daimler AG、BMW等)陸續投入設計專利申請，以及1984年改裝廠(Lorinser、Lund等)也開始進入。根據發展主路徑，造型趨勢從早期方正、簡約的形態，演化到現代多曲面、流線的形態，且汽車改裝套件設計專利並沒有領導設計主流的廠商，顯示各廠商創新能力相當。集群分析結果顯示，各廠商所著力的方向各有差異，不同群組中各有主流廠商，擾流板群組為例，德國保時捷(Porsche)為掌握該群組主要的廠商。本研究可提供新進入者在產業策略上的資料分析及策略佈局，並進一步自造型創新趨勢中，得知各國家及廠商在設計上的方向及長期優勢；藉了解工業設計創新能力，重新為企業的轉型定位。,",工程
"物聯網閘道器扮演著大量智慧感測器網路與連網雲端伺服器的關鍵中介角色，典型的閘道器使用高階的嵌入式處理器來實現底層裝置網路的管理和上層雲端伺服器功能和遠端行動計算服務。在邊緣運算的應用範例，閘道器的設計需要考量縮短物聯網裝置響應時間，減少物聯網系統耗電量與節省通訊頻寬。使用單一微控制器的解決方案在系統擴充性及計算和通訊效率上難以應付物聯網的大量資料收集、資料管理和即時通訊以及可擴充周邊服務需求。本研究提出一個創新的多微控制器系統架構，結合一個基於現場可程式化閘陣列的硬體橋接器，以及可擴充的多重微控制器，並實現一個智慧現場總線網路的邊緣閘道器。藉由分散式，協同運算特性，此邊緣閘道器可以有效地管理現場總線網路，嵌入式資料收集與雲端通訊。本研究提出的多微控制器閘道器與現有的工業物聯網解決方案比較，在即時性、耗電性與可擴展性有明顯改善。,",工程
"在工業4.0時代,因應產業自動化浪潮，各國政府為提高國際競爭力，持續推動機器人產業發展，而帶動工業機器人需求成長,各國業者也積極切入機器人產業,建構出工業機器人產業供應鏈，做為相關零組件廠商,擴展市場利基，而在工業機器人產業及供應鏈相關報告中,各國及企業投入研究及開發、機構設計，硬體設計，人機介面資通設計，關鍵零組件、模組、整機等等居多。, , 本研究發現工業機器人電線電纜線束如人體經脈及血液流動的重要橋梁，但業界與學界卻疏忽掉它的重要性，本論文先從電線電纜的特性及差異說明電線電纜線束需求及必要性，再從工業機器人電線電纜線束加工設計來說明及定義其模組,並由工業機器人電線電纜線束加工製作來定義及補足工業機器人產業供應鏈之斷層，建構出工業機器人完整產業供應鏈，本論文內容中，工業機器人以SCARA機器人，進行實際電線電纜線束加工設計與製作。,",工程
"製造業是台灣經濟發展的重點產業，科技快速的發展加速工業技術的革新，面對全球的競爭，我國製造業需透過持續的創新來維持其在國際上的競爭地位。工業4.0下的技術創新即是製造業在尋求發展與成長的最佳動能。近年來的文獻多半針對工業4.0的概念進行介紹，較少研究工業4.0這個新興的議題，亦較少談論企業如何進行工業4.0的技術創新活動。本研究藉由個案訪談了解我國企業在面對工業技術快速變化之下，推動工業4.0技術創新活動的實際作為，並以「組織方式」與「知識管理」兩大構面為主軸，針對我國三家在不同產業中具優異表現的公司進行研究，得到了以下的結論：, 結論一：企業在推動工業4.0下的技術創新活動時，會從公司內部原有業務內容進行延伸，依產業類別的不同而有不同的發展方向。, 結論二：企業推動工業4.0技術創新活動的團隊，會具有較高的權力層級及跨功, 能整合程度，且團隊領導者特別強調溝通與整合的能力。, 結論三：企業在整合工業4.0相關知識時，會同時強調整合的廣度與深度。, 最後，本研究提出對於產業實務上以及後續學術研究上的建議。,",工程
"企業在雲端運算上佈署IaaS可直接的降低IT硬體建置資本支出，藉由虛擬機器 (VM) 提升硬體資源使用率，虛擬伺服器快速的佈署可提升企業效能，系統備援資料回復效率提升。然而多個虛擬化伺服器實際上存在同一台實體機的情況，因為虛擬化創造了許多介面，由實體層到虛擬層，各個虛擬伺服器之間的介面，因此產生多個可以被攻擊的端點。, , 台灣網通製造業的發展從早期的代工製造OEM，慢慢的轉型為OEM / ODM / OBM的過程中，發展出完整的供應鏈體系。台灣網通業為了保持企業與整體產業的競爭力的要求下，導入雲端虛擬化可以有效提升企業效率與控管成本，扮演著關鍵的一環。, , 本研究期望能透過了解雲端運算虛擬化在台灣網通代工業的佈署狀況，進而討論對於未導入虛擬化技術時網通系統廠運用雲端運算的資安管控模式、部署與應用情境；後探討將虛擬化技術導入網通系統廠製造代工後，對資安管控模式與過去有何異同，並強化其在導入虛擬化技術於雲端運算資安成本控管、效能分析及風險管控上有何助益。,",工程
"本論文研究目的在於將一般商業型機種轉換為工業級規格手持裝置，以盡量在主體堆疊下設計改動最小的方式來設計。文中會先介紹一般工業級規範級別和基本驗證規格測試條件，並提出相關設計所需要的一般概念與設計的準則。, 透過現有的機種堆疊架構與組裝順序的了解，預估轉型後可能會遇到問題點，在利用繪圖軟體Pro/Engineer來繪製新設計產品圖面，利用機構設計差異化來達到工業級規範的標準。, 最後會使用圖面來比較新舊設計的前後差異，透過圖面可以了解到新的設計所帶來影響的層面，這可以讓初步踏入此領域的設計者得到基礎的概念，透過事先預估問題，利用新設計來克服問題，透過此步驟來評估新領域規範產品的可行性。,",工程
"近年來人口發展迅速，各國經濟快速成長，使國人消費能力提高，驅使各項產業發展近於高生產及高消費的時代，故製造出的廢棄物亦相對的提升，為求環境之永續經營與發展，需要有效的將廢棄資源再利用。目前國內的紡織產業中，織物生產量相當龐大，在生產過程中隨之而來的產生龐大數量的下腳料，而日積月累聚集而成的廢棄物造成環境中相當驚人的垃圾量。本研究最係將回收纖維材料製成不織布，並與三明治夾層材料複合，製備成具有功能性之環保複合板材，並評估其性能。, 本研究中變化回收遠紅外線聚酯纖維(RPET)以及中空三維卷曲聚酯纖維(TPET)含量，並加入固定含量之低熔點聚酯纖維(LPET)20 wt%，經過不織布製程以及針軋製程製成RPET/TPET/LPET不織布基布。後續疊層過程中分別夾入鍍鋁薄膜、玻璃纖維以及碳纖維，主要為增強不織布基布熱反射之效果以達到保溫，了解纖維混比、針軋速度與熱壓溫度之最佳參數，並以透氣度、遠紅外線放射率、剛挺性、拉伸強力、頂破強力、穿刺強力、撕裂強力以及溫升的分析做評估與探討。, 研究結果發現，當回收遠紅外線聚酯纖維含量比例越多，力學性能會稍微下降，但並不影響阻熱性能，而在3種纖維比例混和時有最佳的綜合性能，又以RPET/TPET/LPET纖維含量比例60/20/20 wt%為後續疊層製備參數，用針軋100needles/min基布與鍍鋁薄膜、玻璃纖維及碳纖維熱壓140℃疊層，發現不織布與鍍鋁薄膜夾層(A/PET)之三明治四層結構，阻熱效果可隔熱27.15℃為最佳。, ,",工程
"台灣營造業經營型態主要分為綜合營造業、專業營造業及土木包工業，其中成立土木包工業是門檻最低的方式，根據內政部營建署統計資料顯示，自民國96年至105年為止，台灣登記的土木包工業從4794家逐年攀升至達6518家。本研究首先蒐集土木包工業之相關規定，再以土木包工業者提供之不同類型案例進行探討分析，將土木包工業常見的問題歸納為工期管理問題、施工規劃問題、工地執行問題、施工安全問題及工程變更問題等幾個面向，同時針對不同面向探討如何從施工管理及成本控管找出平衡點，最後提出具體建議，期能做為土木包工業者之參考，以減少土木包工業經營的風險並創造更多的利潤。,",工程
"本研究針對1990年代至今，台灣工業設計教育因應少子化衝擊，許多大學為轉型而衍生出延伸衍化型與創意創新型等26所工業設計相關科系，透過文獻蒐集分析、人物訪談及實地調查等方法，依其系所成立年代分期，探討各校的設立的體制背景、科系發展沿革、師資與課程規畫特色等現況及其未來發展，藉以釐清台灣設計教育各時期、各類型的設計教育核心理念與承先啟後的關係，並建立其脈絡體系。, 本研究首先界定「延伸衍化型」，主要因1990年代初期教育部認為工業設計科系過多，新設立的學校由工業設計延伸衍化出不同系名，例如實踐大學工業產品設計系(1992)、銘傳大學商品設計系(1995)、樹德科技大學生活產品設計系(1999)等。其次界定「創意創新型」，主要在2000年代因少子化衝擊教育，且2002年政府提出「挑戰2008：國家發展重點計畫」，提倡文創產業，導致各大專院校以創意創新設計、時尚生活為名設立新科系，例如：亞洲大學創意商品設計系(2007)、南臺科技大學創新產品設計系(2010)、正修科技大學時尚生活創意設計系(2013)、高雄第一科技大學創新設計工程系(2013)等。, 本研究結果發現，無論延伸衍化型或創新創意型的大學，少部分是1990年代以後新成立的，例如雲科大、亞洲、樹德科大、義守等，其科系命名與課程規劃具有前瞻開創性，且許多私校投入大量設備與師資，積極發展各自特色。大部分的大學原本是商專、工專與家專等舊體制，成立年代久遠。由舊體制衍生的設計科系在課程規劃上，都保有各校原本的體質特色。商專改制的在課程上會加入設計管理、行銷策略與品牌形象等；工專改制的在課程上加入人因工程、材料結構與電腦繪圖等；家專改制的在課程上會加入設計美學、藝術繪畫與生活工藝等。針對所有學校現有課程規劃的模組化設計，可以歸納分析出：A.產品設計模組、B.文化創意模組、C.商品與行銷模組、D.工藝模組與E.生活科技模組等。, 本研究調查研究結果，釐清1990年代至今的台灣工業設計教育衍生科系的發展體系脈絡。未來可以繼續探討產品設計與其他領域結合的雙體制複合型科系的發展現況，藉此建構出台灣工業設計系教育完整的發展脈絡與史料體系。, ,",工程
"魯迅和陳映真的關聯性問題是兩岸文學的熱絡課題。魯迅逝世於1936年日本全面侵華前夕的上海，而陳映真出生於1937年日本殖民統治下的台灣，這不僅是時間上接續性的巧合，也呈現了被侵凌與被殖民的中國近現代史進程，以及文學註定的背負歷史和現實的使命。陳映真多次談及魯迅所給予他的深刻影響，而我們在閱讀二者文字時也往往感受到相接近的氣質。, 本論文，從魯迅和陳映真的早期小說與稍後期的文藝思想的文本分析和比較出發，來探討他們的文學和思想的核心要義。具體分三個層面展開：一、小說創作層面，二人早期小說均有象徵主義和寫實主義相調和的特質，它既具有現代主義的抒情性，又具有現實主義的寫實性，在個人和社會之間形成恰當的調和關係，用個人氣質強烈的抒情筆調達成對遼闊現實畫面的理性關照；二、文學場域及思潮層面，二人創作與場域、思潮的互動均體現現代主義帷幕之下的現實主義特性，魯迅的創作形式與中國現代思潮密切相關，受現代危機促發，學貫中西，尤其向域外謀求新知是中國現代知識份子的訴求，魯迅也積極提倡和實踐翻譯活動，並將此自覺融匯到了創作之中，陳映真的創作形態則與台灣戰後五、六〇年代的現代主義潮流有所聯繫，但在現代主義的形式和個人的憂鬱氣質之下，卻有著對歷史和現實的廣闊描摹，以及對由歷史和現實內化而成的精神生活的深刻探索；三、文藝思想層面，二人的文藝思想均演繹了文學藝術與社會生活相辯證的關係，他們都認同文學來自社會反映社會，但文學又不直接等同於社會或政治，而要求上達的形式，力求以藝術形象的方式將理性範疇的思索化為獨特的審美品格，以及保持有個人「永遠的在野派」的批判力。, 最終，我主要處理有以下幾個重點：一、魯迅和陳映真的文學的共同之處，在於「從文學出發的左傾」的文學和思想之間的辯證關係，它讓思想因文學所特有的細緻、柔軟和豐潤而避免走向教條式的極端和僵硬，也使得文學因為有深沈的思想支撐而落實在遼闊的大地上，這種恰當的調和關係成就了他們文學永遠的自由生命力和現實批判性；二、在如此共同性基礎上，他們文學的旨歸又都落在各自生命所依傍的歷史階段的社會現實，例如陳映真就將魯迅認識封建社會的方式轉化為批判台灣社會白色恐怖歷史的基礎；三、從對他們前後階段的觀察來看，雖則具體表現有所差異，但他們文學的核心特質具有連貫性，文學和思想的調和性質貫穿他們的生命歷程；四、在二人文學和思想比較的框架中，也可找到思索和批判兩岸「現代性」、「殖民性」的契機。, 在豐富而零散的前行研究的基礎上，本論文從文本和社會歷史背景著眼，探索出這樣一條詮釋的路徑，試圖更接近二人文學和思想的核心特性，也為當下我們思考文學、思想及二者關係，還有兩岸文學關聯、思想批判任務提供一些線索。,",文學
"《從文學到舞蹈：林懷民、梅卓燕、王玫的劇場舞蹈創作研究》，是關於兩岸三地的三位編舞家的舞蹈作品形態和舞作形成因素，以及舞作與社會關係的綜合研究。本研究選取他們以經典文學文本為「前文本」所進行的劇場舞蹈創作，分別是林懷民的《流浪者之歌》，梅卓燕的《遊園驚夢》，和王玫的《雷和雨》。通過研究他們的舞作，總結他們的舞蹈創作思想和舞蹈創作技巧。關注他們作為創作者的個體生命經驗在社會、歷史、文化脈絡中的表達及其相互影響。, 本研究使用舞蹈訪談法、觀察法、檔案資料研究法等收集研究資料。在研究理論方面，主要採用「互文性理論」和「二元舞蹈學社會學理論」。研究內容包括兩部分，第一部分是林、梅、王的「個體生命觀照」和「藝術歷程」。第二部分是針對林、梅、王的舞作研究，包括舞作與文學的「互文性」關係，舞作的「內部特徵」和「外部特徵」。通過對林、梅、王的個體關照和舞作分析，本研究發現，在舞蹈創作思想上，林、梅、王都具有強烈的社會責任和人文關懷；自我文化認同和文化自信；堅定的自主立場和自我信念。在舞蹈創作技巧上，他們都充分利用「前文本」的互文性指涉意義；他們的舞作都是對「前文本」的「敘事性結構」的解構，而重新架構的「劇場性結構」。他們都以不同的方式，建構了舞作的獨特動作語言。他們都主動回到中華文化根源上，追尋自我文化的力量和美學價值，用自我文化的營養壯大發展自己，用自我文化的新生和新面貌站到世界舞台。, ,",文學
"在台灣文壇上擁有「軍中三劍客」稱號的朱西甯、司馬中原與段彩華三人，從一九五〇年代的國民黨文藝體制出發，開始他們長達五十年以上的創作生涯。雖然，三人最後的文學成就與文學史評價有所差異。但是，他們早期的文學發展路徑相似。論文重新檢視他們三人創作軌跡，勾勒他們成為「作家」的過程。本文以為，將文學創作內容的變化與作家參與的文學活動，兩者結合看待與討論，才能還原其文學真貌，也是客觀評價作家作品的必要途徑。現行對他們三人的研究都建立在一個先驗式的命題：討論他們成為作家之後寫什麼樣的作品？內容主題為何？藝術技巧為何？卻忽略他們如何成為一個作家的過程？文學作品生產與社會脈絡以及時代的連結為何？因此，論文將他們的文學創作及文學實踐，置於更大的社會與歷史脈絡底下重新檢視，探討戰後台灣文學發展與「國民黨文藝體制」及「美援文藝體制」的深刻關連。, 論文分成兩大部分，第一部分是他們成名前的文學活動。主要在勾勒「軍中三劍客」如何從「軍中」到「文壇」的過程，這裡又可細分為兩個小部分：包括他們最早受到肯定的「反共小說」、他們在香港美援文藝雜誌的投稿情形，以及此一「香港時代」對他們後續文學實踐的影響；其次是他們如何重返台灣文壇，受到肯定與傳播、此一時期文學創作的特色，以及如何進入文學史書寫。第二部分是他們成名後的文學實踐。他們在官方文藝體制中得到權力位置，並且成為官方意識形態的擁護者與守門人。隨著台灣社會回歸現實的風潮，文學典範轉移，讀者拋棄書寫過去鄉土題材的作品，轉而擁抱現在的鄉土。他們在台灣文學場域的權力位置明顯邊緣化。, 我們嘗試將實體存在的作品，結合抽象的文學生產過程加以觀察，辨識他們在台灣文學場域的參與、擴展、移動的路徑。在這樣的過程中，我們發現，「軍中三劍客」的文學創作，一開始就得到黨國體制的支持與鼓勵。成名後，他們協助官方形塑與鞏固軍隊與校園的意識形態工作，因此被賦予在文學生產與傳播過程中的權力位置。然而，這卻必須以犧牲個人創作自由為代價。由此，吾人得以見證政治與文學間複雜糾葛的關係。,",文學
"摘要, 文學融入地方文化，創作出一本記錄當地特色和新文化創意的繪本，不但能傳承地方文化，還可以發揚地方特色、提高小鎮的能見度。筆者多方比較後，認為「繪本」之圖文並茂，是人人愛看的書籍，藉由文學繪本的創作，來介紹虎尾小鎮，是最好不過的了。, 雲林縣的虎尾鎮擁有豐富的文化底蘊，而其地名由來的傳說，更是眾說紛紜，版本不一；這些街頭巷尾流傳的各種故事，很多是以民間文學的角度，觀察先民對於地名來歷所充滿想像力的詮釋。, 經由在地文史工作者與學者的考證下，虎尾地名的由來終於出現了應有的輪廓，然而，那些研究的動機，不單只是探討虎尾地名的由來，而是藉由虎尾這個有趣的地名，以文學的角度，試圖為虎尾創發傳奇故事。, 臺灣經濟富裕之後，牽動文化的轉型，使社區文化和傳統文化成為有發展、創新與傳承的價值，因而也提高發揚鄉土文化的重要性。世界經濟進入21世紀後，以知識與創意為核心之文化產創業，為經濟發展的重點之一。從地方到世界各國，要如何標記自身獨特的存在？答案正是在「重視在地文化，發揮在地特色」裡！, 筆者所創作的『虎尾狂想曲』是一本藉由有趣的創作故事結合虎尾地區知名景點的簡介，促使讀者對虎尾鎮留下深刻的印象，因此提高地方文化產業及經濟活化的可能性。筆者所採行的方法分成四個階段，抱括：一、小鎮歷史的研究。二、蒐集虎尾鎮內的人文資料。三、編寫成繪本故事腳本。四、以水彩彩繪再套上故事腳本的文字。, 配合繪本的內容，設計實用的週邊商品，像是代表虎尾鎮精神象徵的虎尾隨身碟、虎尾原子筆、虎尾馬克杯還有深受虎尾居民信仰的德興宮之虎尾御守（共設計有良緣御守、學業御守、事業成功御守以及健康御守等四款），如果依繪本景點搭建故事中的場景及人物塑像，型成一座繪本小鎮，因此帶動地方的觀光產業，活絡了當地的經濟營收及地區文化的推廣，也是這個研究積極努力的方向。, 利用創意的圖片提昇了商品的價值、利用創作者的巧思品味生活中曾有的感動；在當今世界經濟活動與全球景緻趨於一致的情況下，以文學創作置入地方文化行銷的研究，當能獨樹一格，且勢在必行；此為筆者所深信，且戮力以赴的原動力。, 關鍵詞：文學創作、虎尾鎮、虎尾狂想曲、在地文化、繪本, ,",文學
"自從「五四」以還，周作人在新文化運動素享聲譽，擁有與胡適齊名之領導者身分。周氏踵隨「五四」之落潮，自行開闢一條獨特之現代散文途徑—小品文，遂於散文領域中，確立自己之創作標準。本論文就頗能代表其「言志」小品，平和沖淡風格之創作和著述，作為研究之主要對象與範疇，而研究之主要目的，乃綜合研析周氏「言志」文學之實際風貌，並重新評估其價值，而賦予應有之肯定。, 本論文之研究範圍，主要係藉周作人撰著之各類文集，以析解其文學作品，在思想、題材、風格、藝術等方面之特徵，而以文本分析法，閱讀周氏之相關創作，且將作品拆解，俾深入至深層，並藉文獻研究法，詳讀有關研究範圍內觸及之專書、期刊與學位論文等，另擴大涉及文獻之情境，而延伸出不同之詮釋角度。復將應用歸納法獲致之結果，另經由演繹法之進行，以查驗其結論之正確性。最後融合應用歸納法、演繹法與綜合法等技巧，以營構具新意義、新知識之論文。, 周作人為建構「言志」文學觀，乃提倡散文創作，需表現作家之思想情感，抒發作者之「性靈」情懷。周氏創作之小品散文，乃陶融於英國隨筆之特質、希臘文學之人文思想，以及日本俳文之情韻，而最終產出之成果作品，風致與色彩仍屬周氏之個人自我。此種個人化、自由化之文體，無非即「言志散文」。文藝乃不替任何標的發言，而純為作者抒發胸臆、自我表現，甚至自己暴露之型態。, 「言志」文學思想，可概括為：情感思想之美妙表達、獨抒性靈而不拘格套、主觀欣賞非客觀檢察、文學發達極致之小品、言志與載道交替輪迴、文藝無用與無用之用。作為現代散文，應具備詩歌之意境，始克堪稱為真正意義上之「美文」。, 在新文學花園中，散文呈現姹紫嫣紅之際，小品文更顯現特具之風姿。周作人開拓現代散文之創作視野，無論在理論思想上，抑或寫作藝術上，均擁有獨特非凡之成績。故成為中國現代文學史上，赫赫有名之散文大師，其文學理論與實際創作，深刻地影響中國現代散文之發展。周氏最能彰顯散文之思想風采與藝術風格，且在現代文學史上，其小品文之表現尤為突出，成就誠屬位居首屈一指。, ,",文學
"構思動畫故事情節的過程中，將原本已存在的文學作品拿來改編是其中一種創造腳本的方式，但如何將這些已廣為人知的故事改編成能再次吸引人的情節、跳脫傳統的思考框架，是動畫創作者需要考慮的課題。在許多著名動畫作品中，常能見到以文學作品作為基礎改編的腳本，且加入各種不同的元素另作改寫，而這些元素可能是角色造型、時空背景、場景等等。本研究以《西遊記之大聖歸來》及《冰雪奇緣》作為分析樣本，將其與原作文本互相對照，分析主角從文學原作改編到動畫腳本的過程中，其角色塑造元素增減之比較。目的在於對照原作文本與動畫改編對於角色塑造的異同，並歸納出動畫創作者在未來設計動畫角色時能應用於角色塑造的建議。研究結果顯示：動畫中的角色塑造仍會保留部分原作文本的設定作為原型，再加以改寫轉化；其中人格特質的部分改寫的比例較大，而角色因著這些特質作出不同決定，使角色之間的關係有新的詮釋，也使故事劇情產生不同的發展。本研究的創作也運用文獻探討所歸導出的七項必要角色塑造特質進行動畫前期製作，並實驗多種版本角色塑造對於劇情所造成的差異性。,",文學
"臺灣客家話失落快速又嚴重，有志之士莫不憂心怔忡，大聲疾呼希望保持客家話的種苗，採取各種措施，來讓客家話復育。教育部為了因應此一需要，使本土語言文化的推廣有所依據，於2000年起便積極規畫進行客家語辭典之編纂計畫，並自2001年下半年起正式進行編纂，經過多年的努力，終於在2006年開放公眾使用。此外，客家委員會亦朔其前身行政院客家委員會振興客家語言文化之使命，辦理客語認證考試。在此雙管並進的運作之下，共同推動客家語之傳承並建立客語書寫的共識。, 文化的傳承不容忽視，當務之急可用文字透過語言文字「我手寫我口」書寫傳達，隨著語言變遷做完整之紀錄，促進族群文化的傳承。鍾振斌是台灣少數積極以客語創作兒童文學作品的「寫手」，筆者以其結集做為研究文本，目的是要藉分析鍾振斌的客家兒童文學作品，探討其以客語書寫童謠、童詩、以及兒童口說藝術與戲劇作品的內涵與意境，了解像他這樣以客語文字書寫客家兒童文學的作者，如何以童心童眼看世界，以個人化的寫作風格，帶領客家兒童文學進入新的境界。鍾振斌在讀大學一年級之際即開始參與客家事務，三十餘年來，經營、出版《六堆風雲》雜誌，近年來亦積極投入以客語文字書寫客家兒童文學，其作品並傳達特殊的視野與兒童觀點。本文希望藉此研究，促進大眾對於客家兒童文學的關注。, ,",文學
"奇幻兒童文學插畫源自於歐洲各國奇幻文學，背景來自中世紀風格的世界觀，在那裡，隨著不同的想像力，奇幻的國度當中沒有任何不可能。近代被尊稱為藝術童話文學開拓者的安徒生筆下的作品，開創了架空世界的先驅，也讓後世的藝術家們得以更天馬行空地創造各種形形色色的奇幻作品。, 而歐美奇幻兒童文學插畫因童話故事內容的情節，不同的場景、角色，以不同的插畫表現技巧，營造出不同的氣氛，形成了豐富的視覺效果，塑造出幻想世界獨特的特性與美感，也突顯出藝術的價值性。, 近年來，臺灣的兒童插畫受到國外的影響，讓國內許多插畫繪本創作者和讀者，見識到插畫多元而豐富的精彩創作，且近年來臺灣本土插畫人才輩出，並屢獲國際大獎肯定，顯示岀本土雄厚的插畫創作實力，社會大眾對兒童插畫的喜好與日俱增，帶動了插畫人材的培養，而使得兒童插畫更饒富趣味與融入生活當中，並更能啟發兒童的想像力。, 本文分為文獻分析、個案研究與創作等部分，文獻分析首先透過對奇幻兒童文學插畫相關文獻的探討、蒐集分析、媒材技法與色彩運用，整理奇幻兒童文學插畫的定義，瞭解現今兒童插畫的發展，並藉由國內外作品分析的結果，作為個人創作參考的依據。, 創作部份以歐美兒童文學為創作題材，並藉由上述文獻探討與技法表現之分析結果，經由圖像的傳達表現，使觀賞者能更加融入幻想的奇妙空間，並利用手繪結合電腦繪圖的方式，成為一系列童話主題的奇幻兒童插畫，期望觀賞者在閱覽作品的同時，有著視覺上的體驗，並能達到寓教於樂的效果，以其創作出新的插畫風格。, ,",文學
"台北城南的紀州庵一帶曾經是文人聚集的地方，作家王文興、余光中與房慧真都曾居住於此，詩社和文學出版社在這裡聚集萌芽，長久下來累積了豐厚的文學資源。紀州庵因為與地區文學歷史的連結，在2014年修復完成後轉型成為「文學森林」。有鑑於此，本創作研究以地圖敘事的方式來重現紀州庵地區的地方記憶，根據不同時期的文學作品對於地區場景的描述，轉換為敘事地圖的方式呈現。創作研究目的在於：1.探討地圖的相關文獻，歸納出地圖的功能形式表現。2.將敘事理論導入地圖設計中，建立一套敘事性地圖的案例分析架構，探討敘事性地圖中所運用的美感形式與象徵手法，作為創作模式建構的依據。3.收集描述紀州庵地區的文學作品，並轉換為文學場景的方式呈現在地圖上，讓觀看者一探當時的生活和認識地景的變化。, 在文獻探討階段以「地圖」、「敘事理論」與「紀州庵」等三個主題，討論地圖與敘事理論的關係，及紀州庵地區的歷史變遷和文學作品之間的連結。在案例分析階段建構敘事性地圖的文化符碼分析架構，歸納出地圖中的圖像敘事所運用的方法，大多是以人物遊憩其中的形象和景物的象徵轉化手法來表現，因此運用於下一階段的地圖創作中。在創作表現階段期初，進行資料的收集與整理，找尋文學作品內容與地區中對應的位置，配合影像資料加以比對，作為場景視覺的參考依據，進而運用圖像敘事的方式和鳥瞰圖、重疊法與斜投影的表現手法，創作出八個文學場景，包含萬新鐵路、舊貨市場、廈門街、洪範與爾雅出版社、同安街、紀州庵、川端橋與新店溪，融入紀州庵文學地圖中。經由上述過程歸納出本研究結論：1.文學地圖運用於歷史地景再現，為建立地區特色的推力。2.敘事性地圖分析架構能有效解析地圖中的圖像敘事表現。3.敘事理論導入地圖創作，有助於表現地區的人文特色。,",文學
"孩子的成長過程中，大腦逐步發展，其中包含性格、態度及其人際關係能力。如何幫助孩子成長是父母和教育者所重視的問題。除了孩子在學校所接受的正規教育外，另外也有許多管道能幫助孩子成長，兒童文學便是其中之一。一部好的兒童文學作品不僅能引起孩子的興趣，也能帶給他們許多不同的價值。, 根據皮亞傑的認知發展理論，兒童四個發展的階段中，其認知的能力逐漸發展且完善，認知的發展是一個不間斷的過程。由皮亞傑的理論我們瞭解，不是所有的書都適合孩子，兒童文學必須要配合小孩每一個年齡層的發展，因此，如果內容或情節的複雜程度超過兒童讀者的認知能力，即便是文學巨著，也不適合他們閱讀。一個好的兒童文學作家熟悉不同年紀的兒童特質，所以能依兒童發展的需求，為兒童創作適合的作品。, 每個發展階段的兒童有其不同的心理特徵，本論文採用皮亞傑的認知發展理論和艾瑞克森的心理社會發展理論，分析兒童及青少年文學多產作家─阿爾弗雷多·戈麥斯·塞爾達的七本作品，檢視其作品是否符合適齡小孩閱讀，探討作品對兒童成長所產生的價值。,",文學
"本論文針對大量出現在文學作品裡面的文化詞彙如何忠實被翻譯為外文為前提，探討高行健先生諾貝爾文學獎得獎作品“靈山”中日翻譯版以及中英翻譯版之五大文化負載詞彙翻譯策略及翻譯作品的特性。, 第一章序論包涵研究動機，研究問題，研究方法以及研究的意義。第二章先行研究討論Venuti（2007）主張的歸化以及異化理論，並探討Nida（1999）提出的對等理論，以及Baker（1999）主張的語彙簡略策略。第三章根據五大文化負載詞歸類分析“靈山”日文版以及英文版，包括生態用語，物質詞彙，社會獨特詞彙，宗教用語，以及語言文化負載詞語，分析出翻譯作品裡面21種翻譯策略，並交叉比對日文版跟英文版在翻譯策略上的異同。此外本論文也分析“靈山”原作之文學語彙與音韻語彙如何被維持並討論其譯文的效果。論文最後分析英日版本裡面文化詞彙的誤譯，並提出錯誤產生之原因，對文學翻譯與翻譯教育提出文化負載詞翻譯教學應重視之處。, 本研究結果指出“靈山”英文版大量使用直譯策略，造成翻譯語彙內部構造不穩定現象。在意譯策略上日文版運用四種技巧，包括同義語，功能概念意訳，迂迴表現，與聲音還原，比英文版更多元處理文化負載詞彙。“霊山”的英文版本弱化與誤譯都比日文版本嚴重，而且分散在質感，詞彙選擇，以及語彙化轉移不正確等項目。“霊山”的音韻語彙日文比英文多。日文多使用副詞疊韻，英文則利用擬聲動詞。英文版的文學詞彙多為動詞與形容詞，日文版則以名詞為多。, 本論文發現文化詞彙詞與文學翻譯的關係在於多重方式的翻譯策略使用，而不是集中在一兩種翻譯技巧。語彙內部構造的穩定，錯誤翻譯的減低，以及各種類型的意譯，都能增加文化負載詞的翻譯完成度以及翻譯品質。推敲文化負載詞的深層意義並採取各種混合式翻譯策略，可增加文學翻譯之忠實程度與完備性。,",文學
"本文研究旨在探討英國詩人、劇作家、評論家、及哲學家艾略特(T. S. Eliot)的文學理論在教育中的教師圖像藴義，其中其文學理論包含文學批評及社會批評。全文先從18世紀詩人思想及當時的歷史背景切入，以了解艾略特所乘載的傳統，進而分析艾略特生處的19世紀末至20世紀中的動盪年代所帶給文學世界的衝擊及影響。接著，將艾略特文學批評中對於詩人理想圖像的概念帶進教師圖像，將教育與文學做跨學科的結合，試圖藉由文學理論找出教師圖像的創新樣貌。最後，本研究總結艾略特的文學批評對於教師圖像的啟示作為教師專業發展的新參照，歸結如下四點：, 一、 教師即詩人，意指教師得以在其學生心中創造出永恆且深刻的理想，且其學生將帶著此理想繼續流傳至下一代。, 二、 教師即詩人，意指教師如同詩人，能使用極簡的文字，帶來極深刻的影響。, 三、 教師即詩人，意指教師對於學生的教學就如同詩人之於其讀者的啟發，將在人生每一不同階段產生不同的意義與價值。, 四、 教師即詩人，意指教師能開拓學生視野，帶領其至更高境界的世界，正如詩人能帶領讀者領略真理，昇華生命。,",文學
"我們要如何理解並闡釋臺灣漢／文學的「起源」？「明鄭文學」等值於「臺灣文學」嗎？我們又能如何理解、定位「明鄭文學」與「臺灣文學」間的意義、關係與價值呢？, 為了廓清明鄭文學生成的脈絡與文學史意義，本文將論述的系譜拉至「南明時期」，以明鄭／臺灣文學的脈絡下，重構南明文學場域，進而指出鄭成功及其勢力集團，已主導著南明文學場域的動態與發展。從這個意義上來看，此一時期的南明文學，不論在形式或意義上都應被視為「明鄭文學」。那麼，1662年至1683年間的臺灣文學（只）是明鄭文學嗎？, , 對此，本文藉由考察「明鄭」文學離開「大陸」後的文學發展，以為「明鄭」文學在廈門、金門與澎湖等「島嶼」一場域的影響下，已然脫離中國文學傳統，開展出別於以往的美學形制。告別中國文學隨後進入臺灣的明鄭文學，同樣也因臺灣殊異的人文、地理與鄭氏滯臺／治臺等現實的影響，在結構與本質性上發生了不可忽視的變革。, , 總的來說，本文以為「明／鄭」文學的出現，不僅揭示了「臺灣文學」就此轉向漢字文化圈一本質性的變革，更重要的是，臺灣文學也因此「介入」並「重構」了原先以中國、日本、朝鮮等國為主的「漢字文化圈」的文學秩序。換句話說，十七世紀東亞文學的臺灣轉向，事實上涉及了明／鄭文學跨地域、跨語際與跨文化圈生成一背景與脈絡。, 在文學跨域流動與知識傳播一重新歷史化的前提下，本文結合文學場域、文化地理、島嶼研究與文化圈等方法，重新廓清明／鄭文學一現象與活動的政治意義與價值。對比於過去論者皆將「明／鄭」文學化約為臺灣文學的起源的論述模式，本文則試圖自臺灣文學中離析出「明／鄭」文學。此一論述與辯證觀點的實踐，即反映在「明鄭文學等值於臺灣文學嗎？」一命題的提出與回應。,",文學
"從語義翻譯評析傳記文學文化詞中譯之策略 － 以「梅克爾傳」為例, 中文摘要, 本文研究範圍以2014年出版史蒂芬˙柯內留斯(Stefan Kornelius)所著：«Angela Merkel Die Kanzlerin und ihre Welt»楊夢茹翻譯：《梅克爾傳：德國首任女總理與她的權力世界》中出現的文化詞為例。筆者根據幾位文化學者所提出之文化層次理論，將文化概分為淺層文化以及深層文化兩大領域，並將《梅克爾傳》翻譯文本中出現的文化詞進行兩大領域的分類。, 此外，以《梅克爾傳》為例分析傳記文學文本特色，並透過文化層次來看傳記文學文化詞翻譯策略，進而將其分類。本研究目的在從語義翻譯視角，探討、評析傳記文學文本中出現的文化詞中譯之翻譯策略，並以紐馬克提出的語義翻譯為評析依據，來探討傳記文學中不同文化層次與類型之文化詞翻譯策略。, 而根據本研究文化詞語料之統計以及實例分析結果，發現自傳類的表述型文本，無論是顯性文化詞或是隱性文化詞，大多都是採用歸化策略進行翻譯。然而在同一篇作品中，有的部分須採取語義翻譯，有的部分則須採用交際翻譯，特別是遭遇文化空缺時。因此，在一份譯作中常見二者相輔相成互為補充。因此，沒有絕對的語義翻譯作品，也沒有絕對的溝通翻譯作品。, 譯者的基本任務是要將陌生的異文化概念和文化信息消化轉換為中文讀者可以理解和接受的信息。《梅克爾傳》譯本在翻譯工作上除了面臨語言文字的轉換問題，也包括文化價值，特別是政治文化、政治理念、政策思維的等效傳遞策略，因此譯者除了要掌握源語和譯入語兩種語言外，還要熟悉兩種文化，特別是政治相關理念與知識。此外，翻譯時應考量原文文本類型、語義單位的重要性和翻譯的目的，並以適合之翻譯理論為依據，來考量何時該採取何種翻譯策略。, 關鍵詞：傳記文學、語義翻譯、文化詞, ,",文學
"翻譯文學蓬勃發展，目標語接受者無須具備外語能力便能閱讀外國文學，使得讀者能夠一窺異國文化與其經典作品。翻譯文學十分仰賴譯者的語言轉換能力，而譯者是否能夠傳遞源語文本作者的原意，又能生產出符合翻譯綱要的目標語文本呢？異國文化的部分又該如何取捨？譯者會一字不漏地傳遞給讀者？又或者是因應目標語文化做適當更改？在目標語文本中增譯或刪減是否會影響傳遞至讀者端的訊息？此外，本論文的評析材料－《西線無戰事》是一本雷馬克參考史實，並且根據他在第一次世界大戰的親身經歷而撰寫的小說，因此，譯者除了熟悉源語與目標語文化的差異及兩語言間不同的用字遣詞習慣外，也需對一戰的歷史背景做深入了解並保留源語中一戰文學的色彩。, 本論文以諾德（Christiane Nord）的功能翻譯理論為主軸，亦詳盡的介紹萊思（Katharina Reiß）、漢斯(Hans J. Vermeer)及霍斯－曼特瑞(Justa Holz-Mänttäri)等功能學派學者及其翻譯理論。理論分析以諾德的功能加忠誠理論為主，其文本翻譯類型為輔，探討文本中的翻譯問題，也就是語內翻譯問題、文化差異翻譯問題、語言差異翻譯問題及特殊源語文本翻譯問題。諾德的翻譯綱要及原文分析也與翻譯問題息息相關，在分析翻譯綱要及原文後，譯者便能知道如何處理翻譯問題。透過這些分析，譯者可以判斷原文哪些訊息該保留或調整。筆者從源語文本及目標語文本中蒐集許多實例，根據諾德的翻譯問題理論進行分類，劃分各種細項並分析，最後分享從中所觀察到的現象，以及譯者面對不同的翻譯問題的處理方式。, ,",文學
"在台灣，法律與文學的研究是從 1995 年才逐漸開始發展的一門新領域。目前國內有關法律與文學作品的研究多著重於文學作品中的法律問題和法治文化現象，對於法律文學小說譯作之翻譯研究，給予的關注較少。故本論文以德國作家席拉赫(Ferdinand von Schirach) 之作品《誰無罪》(Der Fall Collini)為研究對象，並以德國功能學派卡特琳娜．萊思(Katharina Reiss)翻譯批評理論作為基礎，以檢視譯者是否有把原文作者所欲傳達給讀者的信息於譯文中詳盡且正確的呈現出來，讓目的語讀者在閱讀譯文文本時，能與原文讀者有相同的感受。, , 研究結果顯示，《誰無罪》譯本之譯者為了保有原文作者的精神和風格，且考量目的語讀者的語用習慣，善用成語及四字詞於譯文中形成對應效果；但仍有部分詞彙譯者還須多加斟酌，避免翻譯錯誤。而在涉及文化層面的字詞，有部分譯文在轉碼的過程中，無採用適切的譯文詞彙，形成譯文讀者在閱讀上的困難與障礙，易造成讀者理解上的偏差。因此筆者認為，透過翻譯批評的準則與其限制，能更有條理的研究譯文文本，以消除太多的主觀因素，進而做出客觀的評論，並提供適當的翻譯建議，使譯文達到最佳的翻譯效果。, , 筆者在法律與文學層面的研究中僅以德翻中《誰無罪》一書作為研究對象，希望本論文的拋磚引玉，能使將來有更多的論文以不同的角度探討德文法律文學譯作，提高國人對此一領域的重視及討論，進而提出更豐富的研究成果。, ,",文學
"法律與文學均為高度修辭的學問，法律以抽象的規則來解決社會衝突，維護社會秩序的安定；文學以藝術的手法突顯社會衝突，喚起閱讀者的體認，兩者在[哲學/法理學]的共同基礎上，相互碰撞、相互影響。, 本文就《神鵰俠侶》及《黛絲姑娘》兩部小說，由法律與文學的角度來探討性犯罪被害人樣態及身心創傷等，運用文學喚醒法律對「人」本身的關注，以及用法律思考文學的價值，期能使文學及法律適用範圍更為普及，更使社會公眾瞭解法治功能之重要及適用方法、範圍，提升人民對司法的信任，拉近法律實務與人民法感情的距離。, 本文首先釋明法律與文學過去的學術研究核心與演變，分析整理出本文的探討主軸與方向落在此一跨學科研究的位置。整理中國宋代及英國維多利亞時期女性地位的法律背景，探究《神鵰俠侶》、《黛絲姑娘》中的性犯罪，並與臺灣現行刑法中乘機性交要件相比對，並納入現實案例，分別做出說明。再就《神鵰俠侶》、《黛絲姑娘》之描述，從性侵害被害人所遭受之心理創傷切入，分析現今臺灣的性侵害被害人保護體系。最後總結我國性侵害防治的歷程與缺失，和犯罪被害人保護法的不足之處，並提出改善建議。, , 關鍵字：法律與文學,",文學
"漢承秦之敝，從立國之初的休養生息到漢武帝的經略四方，在在都寫下輝煌的歷史新頁。然而連年征戰，不僅讓民生經濟大受影響，甚至大漢帝國出現根基動搖的景象。於此情形，武帝只得在晚年時下了罪己詔，臨終前更將國政大事託付給霍光、桑弘羊等大臣，以共同輔佐年僅八歲的漢昭帝。其中，鹽鐵專賣、均輸與平準法等財經政策的確挹注國庫不少活水，使得「兵行三十餘年，百姓猶不加賦而軍用給。」但是，由於人謀不臧及時空環境的改變，民間漫起一股檢討與反對的浪潮。此外，為奪取財經大權，霍光想到藉由輿論的力量，來跟桑弘羊一較高下。於是，一場隱藏政治目的，同時撼動經濟史的財經大辯論於焉展開。, 本篇論文《《鹽鐵論》中賢良文學與御史大夫論國家經濟問題研究》，係以《鹽鐵論》一書爲藍本，試圖從經濟面向切入，並採用對照的形式，將御史大夫與「賢良」、「文學」的觀點呈現出來，同時就雙方都很重視的財經議題，如土地與稅賦問題、鹽鐵與酒榷官賣，以及均輸、平準、算緡、統一貨幣等政策推動，做一深入性的探討。總的來說，論文分別以緒論、作者與其時代背景、《鹽鐵論》與西漢時代經濟問題之關係、《鹽鐵論》中賢良文學與御史大夫論辯經濟問題之內容分析、結論等五章來寫作，以闡述賢良文學與御史大夫如何論辯國家經濟問題。,",文學
"為能夠明確瞭解國中學生藝術與人文學習領域其學習成就評量標準的實施情形。本研究擬以表演藝術科為例，並以問卷調查法邀請種子教師針對目前國中藝術與人文學習領域表演藝術學習成就評量標準（2013年試行版）（區分為：探索與表現、審美與理解、實踐與應用）進行調查，並以訪談方式作為輔助。本研究的目的包括：1.瞭解國中學生藝術與人文學習領域表演藝術學習成就評量標準之實施成效，2.探討國中學生藝術與人文學習領域表演藝術學習成就評量標準的適用性，3.根據學習成就評量標準表演藝術評量推行情形提出建議。, 研究結果發現，問卷調查部份，平均數最高者為實踐與應用的藝術參與與探索與表現的表現創作，而平均數最低者為實踐與應用的生活應用、審美與理解的價值體認、探索與表現的多元能力。訪談部份，1.在傳統評量與九年一貫評量方式的差異，原本分數是難以具體說明的，以往的評量系統是比較主觀的，比較輕鬆作業的，但兩者的差異最重要還是有明確客觀的主題與標準，讓大家會比較容易依循。2.評量內容的使用看法，用敘述法的方法就是不錯的作法，因為這樣已經很明確，不需要改成兩分法或者格式化的模式，因為用敘述法就是讓每個老師在這樣的標準範疇下，能夠有自己對孩子成效的目標，這樣也是尊重教師專業，也讓學生有更多發展的空間。3.對評量方式因應十二年國教的期待或建議，希望能夠更加精準的表示陳述，簡單清楚合理是大原則，比較困擾的是要做到形成性和總結性的部份，目前的評量系統並不需要做大幅變動，只需做微調就可以。實務建議包括：1.因應十二年國教推動，主管機關應廣泛徵詢教師與委員的意見進行修訂，2.可以擴大辦理有關教師的研習活動，3.教師應適時多充實本身專業，4.表演藝術師資培育訓練機構可加強教學評量課程，5.建議教育部架設藝術與人文領域教學評量專屬網站，6.建議政府相關單位將藝術與人文領域課程切實的分割，7.可於平日教學中融入評量標準與規範。, , ,",文學
"文學討論圈(Literature Circles)為英語系國家行之有年的閱讀教學方式，但此教學法尚未在台灣形成普遍的教學風潮，以高中生為實驗對象的相關研究也付之闕如。本研究的實施目的在於探討文學討論圈於台灣高中英文課堂實施後之成效，包括學生的英語閱讀能力及閱讀動機的變化、學生於實施文學討論圈中所獲效益、遭遇的機會和挑戰，以及學生對於文學討論圈的觀點。本研究實驗對象年齡介於十五至十六歲，為四十一位女子高中學生。本教學實驗合併質性與量化研究，為期十週，由研究者親自授課。採用的教材為一本以台灣在地文化為內容的英文原文小說，所使用的研究工具包含英語閱讀及動機測驗前後測、學生課堂學習單、閱讀日誌、文學討論圈學生問卷、以及訪談。學生於教學實驗前進行閱讀能力及動機前測，教學後進行後測並比較兩者差異，以測量教學效果，最後並實施後測問卷及訪談，以探究學生對實施文學討論圈之觀感。研究結果顯示實施文學討論圈可顯著提升學生的英語閱讀能力。針對學生閱讀動機的量化分析結果並無顯著差異，但質性分析顯示學生閱讀動機相對提升。本研究顯示於高中英語課堂實施文學討論圈有諸多優點，例如：提升學生整體英文能力、提升在課堂上以學生為中心的合作學習技巧，以及培養學生解決問題的能力。參與學生對文學討論圈的實驗教學多持正面肯定的態度，並期待往後課堂中能繼續實施此一教學活動。,",文學
"文化與文學自兩者發展之初即緊密相關，彼此間的相互影響幾十個世紀下來蔚為常態。創作上的越界跨界情形對於2010，乃至於2000年代，尖銳度不復以往，但領域間的交會混雜則持續不歇。本論文基於近年地理學的文化轉向與文學的空間學研究轉向，特別關注於建築和文學課題的對話特色。具體上，以王大閎、顏忠賢、阮慶岳三位文學成果有所累積的建築人創作為開展核心，分為三章進行不同向度的刺探和演進，並以場所（Genius Loci）的相關概念理論作為跨域研究的發想輔助，也以再詮釋後的場所脈絡權作章節間的串連，各章兼及三人建築及文學兩方面的創作表現，並側重作品之於二領域的屬性差異性與可能的系統推動效果。為避免論述失焦於兩端往返之間，文學課題仍是本論文主要著力處，藉由建築知識系統的涉入，拓展出一塊文學空間學的未竟之地。因而建築人書寫的材料選擇，並不希望因循類型文學的生產路徑，亦無意建構無關乎建築一方，僅偏向次文類主題的建築書寫或建築文學論述，但對於不可避免的類型化現象也一併檢視探討。經由王大閎翻譯、改作、長篇小說和其經典建築國父紀念館、建國南路自宅等理念的相交流通；顏忠賢自體系統落實於建築設計的改革，結合文學形式的鍛造修正；以及阮慶岳深耕兩造領域，中間人的重要位置影響文學和建築創作意義的闡揚。三章節的探索歷程是場所精神世代性、當代共時的發軔、重組和再現，指涉一如科技的軟硬之別，文化的軟硬調和的契機所在。,",文學
"本論文主要聚焦在「詮釋」的問題上。旨首先在瞭解《詩經》文本詮釋巨大的差異性，進而梳理其中轉變的過程，側重探討「反」傳統的論述架構下，其中的傳承與溫故知新、再出發的部份；再者，探討近代《詩經》詮釋變異現象的問題。即欲瞭解原有以中國傳統式的「文學」觀點欣賞、評點《詩經》與清末民初以來，運用西方「文學」概念闡釋、翻譯《詩經》，這兩種不同的詮釋方式，除了有著中西「文學」定義上的不同之外，是否還有其他特殊的思想背景及內在原因？接下來，探討學術分科下詩經學文學轉向的形成與發展。曾經是中國文化精髓所在的「經」書，在清末民初引進的西方學術分科體制下，已被分化為各別專業的學門，《詩經》因而被歸入文學領域，那麼參照西方的學科分類，「文學」的定義云何？《詩經》如何改頭換面成為新文學定義下的典範性文本？換言之，民初詩經學文學化的形成與發展、特色為何？最後，探索詩經學文學轉向的接受與影響。民國以來，《詩經》的闡釋愈來趨向多元化，其中自以文學性質的解讀為居多，通俗大眾化的《詩經》白話翻譯及賞析，不僅出版有專書，同時單篇的白話翻譯，更充斥於各大報刊雜誌，甚至坊間的通俗愛情小說及其他文學作品中，也有不少引述運用《詩經》為說，這些現象似乎可以印證文學化的《詩經》，已經受到多數讀者的接受。基於前述，期望能比較實際的探索《詩經》文學化的詮釋轉向與接受影響的狀況，以彌補詩經學史方面的不足。, 經由這篇論文從文學角度觀察近代詩經學演變的結果，證實詩經學有轉向類似西方純文學研究與詮釋的趨勢，研究成果有助於補充詩經學史在近代文學類科中的發展與演變過程，並能在近代巨變的時空下，藉探討「文學」一詞在中國文學史上由廣而狹的變動介說，進而將《詩經》由經學到文學概念的轉向，作有力的脈絡性梳理與分析。, ,",文學
"本研究旨在探討國小低年級國語文學習領域定期評量與九年一貫分段能力指標、Bloom認知領域教育目標分類系統修訂版之對應情況，並欲瞭解學生在定期評量中的成績表現情形，以及教師編製定期評量試卷之方式，且深究教師專業知能的增加在編製定期評量試卷上是否有正面提升效果。, 研究結果如下：, 一、 白熊國小低年級國語文學習領域定期評量多數集中在評量學生的識字與寫字能力。近五年來，命題的趨勢逐漸調整，較重視閱讀能力的評量。, 二、 白熊國小低年級國語文學習領域定期評量偏重在低層次認知能力的評量。近五年來，命題的趨勢逐漸調整，較重視高層次認知能力的評量。, 三、 試題所對應的能力指標主題軸在「寫作能力」所佔的比例較高時，以及試題所對應的認知歷程向度為較高層次的認知能力時，學生整體成績的標準差較大，較能夠鑑別出學生程度的差異。, 四、 當白熊國小開始推行閱讀計畫，提升教師專業知能，教師在定期評量試卷中也會加強評量學生的「閱讀能力」與「寫作能力」。調高試題的認知歷程向度，重視「分析」向度的評量。此種命題方式的改變，使得試卷的鑑別度變得較高。, 五、 考量低年級學生能力不足，不論在能力指標或是認知歷程向度的安排，皆傾向出比較基本能力、低層次認知能力的試題。, , 本文最後依據研究結果，分別對教育行政主管機關、學校、教師本身以及未來從事相關研究者提出建議，供作參考。, ,",文學
"攝影作為新潮的藝術形式下，許多研究不外乎著力在兩個分歧的架構：探討攝影的本質，以及由文化觀點定義攝影。根據唯物論的觀點，攝影媒介本身存在某種獨有的本質。藉由攝影的藝術形式表現，該本質將成為對於媒介美感的經驗。另一方面，若干攝影研究探求作品的內容展現文化意涵的方式，並結合不同的學科，將攝影與文化現象產生關連。攝影的本質與文化兩個探討方向對壘分明，我們進而發現形式與內容的矛盾。因此，本文所探討的是：一旦攝影與文學合作，是否能開創一種新的藝術形式，以化解形式與內容的衝突？本論文主要參考德國哲學家華特班雅明的論述，分為三個部分來探討攝影的藝術形式。, 第一章將探討「技術」此一概念在攝影創作的角色。班雅明認為若要化解形式與內容在文學上的對立，應從「技術」切入探究文學生產的過程。相同地，此概念在攝影作品的生產備受關注。此外，在藝術形式的發展與趨勢，「技術」亦扮演重要角色。, 第二章以攝影的形式出發，探討一種新的藝術形式：「攝影文學」。「攝影文學」同時包含了文字與圖像的表述。班雅明主張攝影作品應附上文字標題，此說明了何以「攝影文學」可作為一個新興的藝術形式，並有效反映政治目的。本章進一步討論此形式中文字與圖像間的獨特關係。, 第三章以土耳其作家奧罕帕慕克的作品《伊斯坦堡：一座城市的記憶》作為例子，討論「攝影文學」的形式表現。為了呈現伊斯坦堡特有的異國氛圍，帕慕克利用細膩的文字與感官的圖像，描述這座城市的「呼愁」。對帕慕克而言，「呼愁」並非是個人憐憫的主觀經驗。反之，這座城市的廢墟顯露文明與政治的動盪，瀰漫「呼愁」之情。這章將討論帕慕克如何利用文字與圖像所組成的「攝影文學」訴說伊斯坦堡的歷史衰落與「呼愁」。, 「攝影文學」不只展現了革新的表述方式，也逐漸形成一種當代的藝術形式，符合現代作者與讀者的喜好。隨著時代的潮流，所謂純粹形式的傳統概念需要重新審視。不同於傳統概念，「攝影文學」表現的形式有其值得關注的價值。, , ,",文學
"《海翁台語文學》雜誌自2001年2月創刊至2010年4月止，已刊行100期，這份文藝刊物在台灣文學與台語文學時間脈絡中也默默沉穩的走了十多年，承載創作者數量與作品十分可觀，內容不論是過去傳統性與集體創作的褒歌，亦或是現代的詩、散文、小說，都有著豐沛的書寫，發刊超過百期是極具有代表性。筆者將藉由《海翁台語文學》的創刊宗旨和台語文學評論與小說來觀照該份台語雜誌的文學訴求，及其文學內容與形式上的展現，彰顯這些作品的精神特質。,",文學
"本文著重討論1930年代起，以英語在英國述作的中國作家蔣彝的英語兒童文學作品。本文主要部份為二到四章，第二章欲透過1935年「倫敦中國國際藝術展覽會」所揭示的，當時英國社會對中國藝術品的收藏嗜趣，檢視此一時期蔣彝幾部書中極富裝飾性的插畫，亦旁及蔣彝畫記中書法的裝飾性。此外，透過蔣彝在童書和回憶錄中繪製的許多相似的「中國兒童的臉孔」，突顯蔣彝在《兒時瑣憶》中所畫的精細兒時自畫像所透露的蔣彝對兒時自身，及對中國兒童的想像。, 第三章主要談論的，是1938年被美國獵人運到英國而大受民眾歡迎的大熊貓，蔣彝因應此一熱潮，創作了三本情節連貫的童書。本章首先將試著檢視蔣彝曾在畫記中提及的一些英國兒童文學著作，並參考當時英國新聞報刊中塑造的熊貓形象，以瞭解英國大眾對熊貓的想像，藉此討論蔣彝創作這些熊貓故事時，可能借鑑了英國兒童文學的哪些元素、受到哪些觀點的影響，以解釋蔣彝為何不厭其煩的在書中複製這些熊貓在動物園中的展演。, 第四章將循蔣彝為頑皮男孩羅成規畫的和平愉悅的中國旅程，討論《羅成》這本在戰時的英國與眾不同的童書。此外，亦參考1920到1930年代居住或訪問北京的外國人所作的書籍中談論的北京城，將之與蔣彝在《羅成》當中呈現的近乎概念性的北京城相比對，討論蔣彝在此部分以「正陽門」與「紫禁城」兩座建築群來構築心目中的北京城的意義，及蔣彝如何呈現一個合乎西方想像的北京城。,",文學
"自馬華文學誕生以來，文藝論爭就不曾少過，且每個時代都有每個時代的論爭。馬華文藝論爭反映著該時代的文藝思潮及當代華人的思想意識。馬華文學的文藝論爭最早發表於報章文藝副刊，戰後出版業的發展環境改善，文學雜誌冒現，文藝論爭的「戰場」遂擴大到文學雜誌。文藝論爭是不同派別的創作者與評論者的思想交鋒及個人對文學發展的不同看法，雖然有時免不了一些意氣之爭，但多數論爭的結果都可總結、歸納某一時期文藝發展的全貌，對一些文學觀念做出最適當的詮釋。一些爭議性議題在多番辯論後有助於修正偏頗的文學史觀，因此縱使一時硝煙彌漫，文藝論爭對文學的發展還是有一定的貢獻。本文以1919年馬華新文學發端至上世紀九〇年代所發生的文藝論爭為研究主題，探看近一百年來馬華文藝思潮的衍生、爭論與發展，以及文藝思潮/文藝論爭與華人社會及馬來西亞政治環境的關係。,",文學
"在古今中外各個藝術領域裡─—繪畫、雕刻、音樂─—「母親」總是一再的被頌揚著，不斷歌頌其偉大和犧牲奉獻的精神；「戰爭」也是一個亙古熱門的焦點，在藝術中也是不斷被描繪，以提醒世人其殘酷和無情。這兩者是如此格格不入，然而對藝術家／文人而言，把兩者擺在一起，其發酵作用更勝任何題材，尤其在近代兩次世界大戰中都占有一席之地的德國，在二戰過後興起一股對戰爭和返鄉者省思的文潮，再加上風起雲湧的婦女運動和日漸興盛的女性主義的推波助瀾下，德語文學裡出現為數眾多描繪戰爭裡的母親的作品，這正是本論文最初的關注點。, 在本論文探討的作品中，母親呈現了多樣的面貌：其一，在戰爭中母親是弱勢的象徵，是被害者的代表，被象徵父權體制的國家／社會所壓迫，但她們依然勇敢站出來對抗強加諸於自身的悲慘命運和不平等對待，積極活出屬於自己的人生；其二，母親長久以來深受愛國教育和民族主義的荼毒，已經喪失自省能力和批判精神，從被害者轉變為加害者，例如成為納粹政權的幫兇，重視國家／民族更甚於親生子女，進而將子女推向萬劫不復的地獄深淵。, 本論文除了探討戰爭中的母親之外，為呼應並對照平日的母親形象，也列舉了幾部非戰爭中的文學作品，試圖讓本論文的立著更趨完善。, ,",文學
"本研究目的在探討英文文學圈中學生最常討論的主題、討論者角色的影響以及文學圈中言談互動的情形。研究對象為十位女高中學生。研究對象共參與兩次文學圈閱讀活動的練習課程以及六次文學圈討論活動。本研究採用錄影、個人資料與閱讀經驗問卷、非正式以及半結構式訪談作為收集資料的方法。 學生在文學圈中的談話過程透過錄影的方式進行紀錄。 錄影所紀錄的資料以質化和量化的方式進行分析。個人資料與閱讀經驗問卷在研究前收集完成。研究結束後，進行一對一的訪談。非正式訪談的目的則是在確認學生在文學圈中談話內容轉成文字稿後翻譯語意是否正確。, 研究發現，學生在英文文學圈中的主題有兩種:以文本理解為主的主題與以延伸文本觀念的主題。以文本理解為主的主題中最常討論的是故事主角，其次為文章的字面意義和故事情節。以延伸文本觀念的主題中最常討論的是個人生活經驗，其次為對主角的同理心和對主角的情感表達。影響小組談論主題的多寡可歸納出以下四點: (1) 對主題喜好、(2) 文章難易度、(3) 對小說主題的熟悉度、 (4)作者寫作風格。, 研究也發現，學生的閱讀角色主導學生的對話主題。所有學生對文學圈閱讀角色扮演持正面看法。學生認為，學習單上的提問範例能幫助他們準備討論主題也能讓小組討論活動有系統的進行。 然而，部分沒有小組討論經驗和認為自己沒有繪畫天分的學生對於擔任小組長(Discussion director)和插畫者(Illustrator)一角較缺乏自信。此外，學生提出和角色無關的對話主題有兩種情況。 第一，扮演經驗連結者(Connector)的學生無法將文本內容和個人生活經驗做連結。 第二，扮演單字討論者(Vocabulary enricher)的學生在小組中了解文本內容與主題之後認為單字討論的部分已不再重要。, 研究也發現，學生常以開放性問題引導對話主題。 在文學圈中，學生較看重開放性問題。以開放性引導的對話主題較能引起較多的話輪轉換(turn-taking)。開放性問題會影響學生話輪轉換的次數較多之原因可歸納出以下三點: (1) 開放性問題引出開放性回答、(2) 學生口語和非口語式邀請同儕參與對話、(3)同儕提出的開放性問題可引起小組同學意見不同和對主題有興趣。, 本研究對於教學的建議如下: (1) 教育者應以故事主角和個人生活經驗教導學生練習提問對話主題、(2) 為確保每位學生有發言機會,教育者應考量時間管理以及角色發言順序、 (3) 學生不應受限於只能討論角色要求的話題、(4) 教育者應教導學生口語和非口語的談話技巧以幫助小組進行討論。, 根據本研究的結果，研究者建議未來研究應:(1)以男學生和男女組合的小組為受試對象，以調查不同性別在文學圈中的言談情況、(2)單一對話主題中有多少小組人員參與討論，以調查小組中說話學生是否只是特定幾位較活潑的同學、(3)以爭議性主題為閱讀文本。例如，校園霸凌和同性婚姻以調查是否能增加小組討論的話語輪轉和其他不同研究結果。, ,",文學
"九○年代，本土意識受到重視，台灣因為四面環海，因此以海洋為寫作背景的廖鴻基遂受到重視，屢獲青睞並常得獎，而他之所以受重視也是因為有別於過去以陸地為視野而改由以海洋為視野的寫作風格，給人耳目一新的感受，並且他以討海人的身分，真正走入海洋、生活在海上，甚至用筆建構出另一種新的台灣, 文學風貌，這也凸顯出他的海洋文學所具有的特殊性。, 本論文要談廖鴻基如何從海洋的視角建構生命哲學，研究範圍是廖鴻基的作品。研究方法是從親情、宗教、人生哲學三個面向來研究廖鴻基如何透過海洋的視角建構生命哲學，並且探討廖鴻基如何形成他的人生觀。其研究步驟是將以上三個面向，分成三個章節來討論，慢慢形成結論，推論出廖鴻基是如何形塑出他的人生觀，建構起他的生命哲學，影響他如何看待人世。, 全文共分五章，第一章緒論說明研究動機、研究問題、研究方法及文獻探討。第二章擬從宗教的面向探討廖鴻基文本中海洋與宗教的關連性，漁民是如何透過宗教儀式傳承信仰，廖鴻基觀察及書寫漁民信仰又如何內化為他的宗教觀，成為他生命哲學的一部分。第三章由各種親情書寫探討祖孫、父子、父女之情，印證海洋與記憶是相連結的，他透過海洋的視角，看到沙灘、海浪、飛魚都讓他對於和親人之間過往相處有所回憶。第四章從他的人生經歷切入，了解廖鴻基面對海洋的心理轉變，從消極的人生觀轉為積極的人生觀又成為平靜無波的看人生，成為他的海洋三部曲。第五章為本論文結論，回顧各章節及未來可發展與不足之處。以上為本論文摘要。, ,",文學